Easting_X_m,Northing_Y_m,Height_local_m,Latitude,Longitude,Altitude_IGRF_m,Time,F_observado_nT,F0_IGRF_nT
0.0,0.0,1.0,48.85,2.35,36.0,2026-06-25 08:00:00,48487.28,48444.68
5.0,0.0,1.0,48.85,2.3500683728151914,36.0,2026-06-25 08:01:30,48484.67,48444.69
10.0,0.0,1.0,48.85,2.3501367456303828,36.0,2026-06-25 08:03:00,48484.5,48444.69
15.0,0.0,1.0,48.85,2.3502051184455746,36.0,2026-06-25 08:04:30,48461.19,48444.69
20.0,0.0,1.0,48.85,2.350273491260766,36.0,2026-06-25 08:06:00,48495.03,48444.7
25.0,0.0,1.0,48.85,2.3503418640759572,36.0,2026-06-25 08:07:30,48468.61,48444.7
30.0,0.0,1.0,48.85,2.3504102368911486,36.0,2026-06-25 08:09:00,48505.02,48444.7
35.0,0.0,1.0,48.85,2.35047860970634,36.0,2026-06-25 08:10:30,48503.87,48444.71
40.0,0.0,1.0,48.85,2.3505469825215317,36.0,2026-06-25 08:12:00,48507.71,48444.71
45.0,0.0,1.0,48.85,2.350615355336723,36.0,2026-06-25 08:13:30,48509.36,48444.72
50.0,0.0,1.0,48.85,2.3506837281519144,36.0,2026-06-25 08:15:00,48502.92,48444.72
55.0,0.0,1.0,48.85,2.3507521009671057,36.0,2026-06-25 08:16:30,48492.87,48444.72
60.0,0.0,1.0,48.85,2.3508204737822975,36.0,2026-06-25 08:18:00,48494.38,48444.73
65.0,0.0,1.0,48.85,2.350888846597489,36.0,2026-06-25 08:19:30,48513.26,48444.73
70.0,0.0,1.0,48.85,2.35095721941268,36.0,2026-06-25 08:21:00,48487.41,48444.73
75.0,0.0,1.0,48.85,2.3510255922278716,36.0,2026-06-25 08:22:30,48489.24,48444.74
80.0,0.0,1.0,48.85,2.351093965043063,36.0,2026-06-25 08:24:00,48481.35,48444.74
85.0,0.0,1.0,48.85,2.3511623378582547,36.0,2026-06-25 08:25:30,48481.18,48444.74
90.0,0.0,1.0,48.85,2.351230710673446,36.0,2026-06-25 08:27:00,48481.58,48444.75
95.0,0.0,1.0,48.85,2.3512990834886374,36.0,2026-06-25 08:28:30,48485.73,48444.75
100.0,0.0,1.0,48.85,2.3513674563038287,36.0,2026-06-25 08:30:00,48477.8,48444.75
0.0,5.0,1.0,48.850044991541594,2.35,36.0,2026-06-25 08:31:30,48479.03,48444.7
5.0,5.0,1.0,48.850044991541594,2.3500683728151914,36.0,2026-06-25 08:33:00,48477.9,48444.7
10.0,5.0,1.0,48.850044991541594,2.3501367456303828,36.0,2026-06-25 08:34:30,48487.89,48444.7
15.0,5.0,1.0,48.850044991541594,2.3502051184455746,36.0,2026-06-25 08:36:00,48473.92,48444.71
20.0,5.0,1.0,48.850044991541594,2.350273491260766,36.0,2026-06-25 08:37:30,48492.05,48444.71
25.0,5.0,1.0,48.850044991541594,2.3503418640759572,36.0,2026-06-25 08:39:00,48508.56,48444.71
30.0,5.0,1.0,48.850044991541594,2.3504102368911486,36.0,2026-06-25 08:40:30,48486.31,48444.72
35.0,5.0,1.0,48.850044991541594,2.35047860970634,36.0,2026-06-25 08:42:00,48496.0,48444.72
40.0,5.0,1.0,48.850044991541594,2.3505469825215317,36.0,2026-06-25 08:43:30,48529.9,48444.73
45.0,5.0,1.0,48.850044991541594,2.350615355336723,36.0,2026-06-25 08:45:00,48487.02,48444.73
50.0,5.0,1.0,48.850044991541594,2.3506837281519144,36.0,2026-06-25 08:46:30,48480.18,48444.73
55.0,5.0,1.0,48.850044991541594,2.3507521009671057,36.0,2026-06-25 08:48:00,48493.59,48444.74
60.0,5.0,1.0,48.850044991541594,2.3508204737822975,36.0,2026-06-25 08:49:30,48517.97,48444.74
65.0,5.0,1.0,48.850044991541594,2.350888846597489,36.0,2026-06-25 08:51:00,48519.17,48444.74
70.0,5.0,1.0,48.850044991541594,2.35095721941268,36.0,2026-06-25 08:52:30,48480.84,48444.75
75.0,5.0,1.0,48.850044991541594,2.3510255922278716,36.0,2026-06-25 08:54:00,48498.67,48444.75
80.0,5.0,1.0,48.850044991541594,2.351093965043063,36.0,2026-06-25 08:55:30,48491.17,48444.75
85.0,5.0,1.0,48.850044991541594,2.3511623378582547,36.0,2026-06-25 08:57:00,48482.09,48444.76
90.0,5.0,1.0,48.850044991541594,2.351230710673446,36.0,2026-06-25 08:58:30,48464.57,48444.76
95.0,5.0,1.0,48.850044991541594,2.3512990834886374,36.0,2026-06-25 09:00:00,48496.77,48444.76
100.0,5.0,1.0,48.850044991541594,2.3513674563038287,36.0,2026-06-25 09:01:30,48473.75,48444.77
0.0,10.0,1.0,48.85008998308318,2.35,36.0,2026-06-25 09:03:00,48487.49,48444.71
5.0,10.0,1.0,48.85008998308318,2.3500683728151914,36.0,2026-06-25 09:04:30,48486.5,48444.71
10.0,10.0,1.0,48.85008998308318,2.3501367456303828,36.0,2026-06-25 09:06:00,48508.37,48444.72
15.0,10.0,1.0,48.85008998308318,2.3502051184455746,36.0,2026-06-25 09:07:30,48501.26,48444.72
20.0,10.0,1.0,48.85008998308318,2.350273491260766,36.0,2026-06-25 09:09:00,48475.03,48444.72
25.0,10.0,1.0,48.85008998308318,2.3503418640759572,36.0,2026-06-25 09:10:30,48484.25,48444.73
30.0,10.0,1.0,48.85008998308318,2.3504102368911486,36.0,2026-06-25 09:12:00,48497.98,48444.73
35.0,10.0,1.0,48.85008998308318,2.35047860970634,36.0,2026-06-25 09:13:30,48470.81,48444.74
40.0,10.0,1.0,48.85008998308318,2.3505469825215317,36.0,2026-06-25 09:15:00,48481.25,48444.74
45.0,10.0,1.0,48.85008998308318,2.350615355336723,36.0,2026-06-25 09:16:30,48488.36,48444.74
50.0,10.0,1.0,48.85008998308318,2.3506837281519144,36.0,2026-06-25 09:18:00,48467.88,48444.75
55.0,10.0,1.0,48.85008998308318,2.3507521009671057,36.0,2026-06-25 09:19:30,48472.15,48444.75
60.0,10.0,1.0,48.85008998308318,2.3508204737822975,36.0,2026-06-25 09:21:00,48466.58,48444.75
65.0,10.0,1.0,48.85008998308318,2.350888846597489,36.0,2026-06-25 09:22:30,48489.21,48444.76
70.0,10.0,1.0,48.85008998308318,2.35095721941268,36.0,2026-06-25 09:24:00,48480.45,48444.76
75.0,10.0,1.0,48.85008998308318,2.3510255922278716,36.0,2026-06-25 09:25:30,48497.85,48444.76
80.0,10.0,1.0,48.85008998308318,2.351093965043063,36.0,2026-06-25 09:27:00,48490.06,48444.77
85.0,10.0,1.0,48.85008998308318,2.3511623378582547,36.0,2026-06-25 09:28:30,48495.27,48444.77
90.0,10.0,1.0,48.85008998308318,2.351230710673446,36.0,2026-06-25 09:30:00,48486.63,48444.77
95.0,10.0,1.0,48.85008998308318,2.3512990834886374,36.0,2026-06-25 09:31:30,48495.18,48444.78
100.0,10.0,1.0,48.85008998308318,2.3513674563038287,36.0,2026-06-25 09:33:00,48483.82,48444.78
0.0,15.0,1.0,48.85013497462477,2.35,36.0,2026-06-25 09:34:30,48473.8,48444.72
5.0,15.0,1.0,48.85013497462477,2.3500683728151914,36.0,2026-06-25 09:36:00,48498.41,48444.73
10.0,15.0,1.0,48.85013497462477,2.3501367456303828,36.0,2026-06-25 09:37:30,48495.73,48444.73
15.0,15.0,1.0,48.85013497462477,2.3502051184455746,36.0,2026-06-25 09:39:00,48507.72,48444.73
20.0,15.0,1.0,48.85013497462477,2.350273491260766,36.0,2026-06-25 09:40:30,48474.15,48444.74
25.0,15.0,1.0,48.85013497462477,2.3503418640759572,36.0,2026-06-25 09:42:00,48459.36,48444.74
30.0,15.0,1.0,48.85013497462477,2.3504102368911486,36.0,2026-06-25 09:43:30,48440.9,48444.75
35.0,15.0,1.0,48.85013497462477,2.35047860970634,36.0,2026-06-25 09:45:00,48407.74,48444.75
40.0,15.0,1.0,48.85013497462477,2.3505469825215317,36.0,2026-06-25 09:46:30,48433.66,48444.75
45.0,15.0,1.0,48.85013497462477,2.350615355336723,36.0,2026-06-25 09:48:00,48453.55,48444.76
50.0,15.0,1.0,48.85013497462477,2.3506837281519144,36.0,2026-06-25 09:49:30,48437.46,48444.76
55.0,15.0,1.0,48.85013497462477,2.3507521009671057,36.0,2026-06-25 09:51:00,48419.09,48444.76
60.0,15.0,1.0,48.85013497462477,2.3508204737822975,36.0,2026-06-25 09:52:30,48456.94,48444.77
65.0,15.0,1.0,48.85013497462477,2.350888846597489,36.0,2026-06-25 09:54:00,48447.67,48444.77
70.0,15.0,1.0,48.85013497462477,2.35095721941268,36.0,2026-06-25 09:55:30,48456.94,48444.77
75.0,15.0,1.0,48.85013497462477,2.3510255922278716,36.0,2026-06-25 09:57:00,48465.53,48444.78
80.0,15.0,1.0,48.85013497462477,2.351093965043063,36.0,2026-06-25 09:58:30,48477.55,48444.78
85.0,15.0,1.0,48.85013497462477,2.3511623378582547,36.0,2026-06-25 10:00:00,48490.77,48444.78
90.0,15.0,1.0,48.85013497462477,2.351230710673446,36.0,2026-06-25 10:01:30,48467.75,48444.79
95.0,15.0,1.0,48.85013497462477,2.3512990834886374,36.0,2026-06-25 10:03:00,48484.97,48444.79
100.0,15.0,1.0,48.85013497462477,2.3513674563038287,36.0,2026-06-25 10:04:30,48480.99,48444.8
0.0,20.0,1.0,48.850179966166365,2.35,36.0,2026-06-25 10:06:00,48497.54,48444.74
5.0,20.0,1.0,48.850179966166365,2.3500683728151914,36.0,2026-06-25 10:07:30,48471.73,48444.74
10.0,20.0,1.0,48.850179966166365,2.3501367456303828,36.0,2026-06-25 10:09:00,48498.08,48444.74
15.0,20.0,1.0,48.850179966166365,2.3502051184455746,36.0,2026-06-25 10:10:30,48476.39,48444.75
20.0,20.0,1.0,48.850179966166365,2.350273491260766,36.0,2026-06-25 10:12:00,48468.45,48444.75
25.0,20.0,1.0,48.850179966166365,2.3503418640759572,36.0,2026-06-25 10:13:30,48412.24,48444.76
30.0,20.0,1.0,48.850179966166365,2.3504102368911486,36.0,2026-06-25 10:15:00,48401.52,48444.76
35.0,20.0,1.0,48.850179966166365,2.35047860970634,36.0,2026-06-25 10:16:30,48378.99,48444.76
40.0,20.0,1.0,48.850179966166365,2.3505469825215317,36.0,2026-06-25 10:18:00,48349.93,48444.77
45.0,20.0,1.0,48.850179966166365,2.350615355336723,36.0,2026-06-25 10:19:30,48361.3,48444.77
50.0,20.0,1.0,48.850179966166365,2.3506837281519144,36.0,2026-06-25 10:21:00,48358.71,48444.77
55.0,20.0,1.0,48.850179966166365,2.3507521009671057,36.0,2026-06-25 10:22:30,48354.77,48444.78
60.0,20.0,1.0,48.850179966166365,2.3508204737822975,36.0,2026-06-25 10:24:00,48362.4,48444.78
65.0,20.0,1.0,48.850179966166365,2.350888846597489,36.0,2026-06-25 10:25:30,48365.94,48444.78
70.0,20.0,1.0,48.850179966166365,2.35095721941268,36.0,2026-06-25 10:27:00,48397.44,48444.79
75.0,20.0,1.0,48.850179966166365,2.3510255922278716,36.0,2026-06-25 10:28:30,48435.99,48444.79
80.0,20.0,1.0,48.850179966166365,2.351093965043063,36.0,2026-06-25 10:30:00,48451.34,48444.79
85.0,20.0,1.0,48.850179966166365,2.3511623378582547,36.0,2026-06-25 10:31:30,48459.92,48444.8
90.0,20.0,1.0,48.850179966166365,2.351230710673446,36.0,2026-06-25 10:33:00,48497.07,48444.8
95.0,20.0,1.0,48.850179966166365,2.3512990834886374,36.0,2026-06-25 10:34:30,48483.54,48444.81
100.0,20.0,1.0,48.850179966166365,2.3513674563038287,36.0,2026-06-25 10:36:00,48487.72,48444.81
0.0,25.0,1.0,48.85022495770795,2.35,36.0,2026-06-25 10:37:30,48481.15,48444.75
5.0,25.0,1.0,48.85022495770795,2.3500683728151914,36.0,2026-06-25 10:39:00,48474.76,48444.75
10.0,25.0,1.0,48.85022495770795,2.3501367456303828,36.0,2026-06-25 10:40:30,48479.7,48444.76
15.0,25.0,1.0,48.85022495770795,2.3502051184455746,36.0,2026-06-25 10:42:00,48447.26,48444.76
20.0,25.0,1.0,48.85022495770795,2.350273491260766,36.0,2026-06-25 10:43:30,48413.97,48444.77
25.0,25.0,1.0,48.85022495770795,2.3503418640759572,36.0,2026-06-25 10:45:00,48335.57,48444.77
30.0,25.0,1.0,48.85022495770795,2.3504102368911486,36.0,2026-06-25 10:46:30,48275.15,48444.77
35.0,25.0,1.0,48.85022495770795,2.35047860970634,36.0,2026-06-25 10:48:00,48254.68,48444.78
40.0,25.0,1.0,48.85022495770795,2.3505469825215317,36.0,2026-06-25 10:49:30,48266.65,48444.78
45.0,25.0,1.0,48.85022495770795,2.350615355336723,36.0,2026-06-25 10:51:00,48242.3,48444.78
50.0,25.0,1.0,48.85022495770795,2.3506837281519144,36.0,2026-06-25 10:52:30,48262.46,48444.79
55.0,25.0,1.0,48.85022495770795,2.3507521009671057,36.0,2026-06-25 10:54:00,48248.72,48444.79
60.0,25.0,1.0,48.85022495770795,2.3508204737822975,36.0,2026-06-25 10:55:30,48258.62,48444.79
65.0,25.0,1.0,48.85022495770795,2.350888846597489,36.0,2026-06-25 10:57:00,48267.32,48444.8
70.0,25.0,1.0,48.85022495770795,2.35095721941268,36.0,2026-06-25 10:58:30,48314.0,48444.8
75.0,25.0,1.0,48.85022495770795,2.3510255922278716,36.0,2026-06-25 11:00:00,48396.54,48444.8
80.0,25.0,1.0,48.85022495770795,2.351093965043063,36.0,2026-06-25 11:01:30,48448.08,48444.81
85.0,25.0,1.0,48.85022495770795,2.3511623378582547,36.0,2026-06-25 11:03:00,48461.58,48444.81
90.0,25.0,1.0,48.85022495770795,2.351230710673446,36.0,2026-06-25 11:04:30,48477.8,48444.82
95.0,25.0,1.0,48.85022495770795,2.3512990834886374,36.0,2026-06-25 11:06:00,48503.31,48444.82
100.0,25.0,1.0,48.85022495770795,2.3513674563038287,36.0,2026-06-25 11:07:30,48482.63,48444.82
0.0,30.0,1.0,48.850269949249544,2.35,36.0,2026-06-25 11:09:00,48493.38,48444.76
5.0,30.0,1.0,48.850269949249544,2.3500683728151914,36.0,2026-06-25 11:10:30,48467.94,48444.77
10.0,30.0,1.0,48.850269949249544,2.3501367456303828,36.0,2026-06-25 11:12:00,48473.86,48444.77
15.0,30.0,1.0,48.850269949249544,2.3502051184455746,36.0,2026-06-25 11:13:30,48456.07,48444.78
20.0,30.0,1.0,48.850269949249544,2.350273491260766,36.0,2026-06-25 11:15:00,48391.18,48444.78
25.0,30.0,1.0,48.850269949249544,2.3503418640759572,36.0,2026-06-25 11:16:30,48295.88,48444.78
30.0,30.0,1.0,48.850269949249544,2.3504102368911486,36.0,2026-06-25 11:18:00,48212.59,48444.79
35.0,30.0,1.0,48.850269949249544,2.35047860970634,36.0,2026-06-25 11:19:30,48163.55,48444.79
40.0,30.0,1.0,48.850269949249544,2.3505469825215317,36.0,2026-06-25 11:21:00,48145.77,48444.79
45.0,30.0,1.0,48.850269949249544,2.350615355336723,36.0,2026-06-25 11:22:30,48153.51,48444.8
50.0,30.0,1.0,48.850269949249544,2.3506837281519144,36.0,2026-06-25 11:24:00,48153.53,48444.8
55.0,30.0,1.0,48.850269949249544,2.3507521009671057,36.0,2026-06-25 11:25:30,48150.34,48444.8
60.0,30.0,1.0,48.850269949249544,2.3508204737822975,36.0,2026-06-25 11:27:00,48144.58,48444.81
65.0,30.0,1.0,48.850269949249544,2.350888846597489,36.0,2026-06-25 11:28:30,48181.54,48444.81
70.0,30.0,1.0,48.850269949249544,2.35095721941268,36.0,2026-06-25 11:30:00,48248.75,48444.81
75.0,30.0,1.0,48.850269949249544,2.3510255922278716,36.0,2026-06-25 11:31:30,48334.87,48444.82
80.0,30.0,1.0,48.850269949249544,2.351093965043063,36.0,2026-06-25 11:33:00,48401.91,48444.82
85.0,30.0,1.0,48.850269949249544,2.3511623378582547,36.0,2026-06-25 11:34:30,48470.72,48444.83
90.0,30.0,1.0,48.850269949249544,2.351230710673446,36.0,2026-06-25 11:36:00,48511.66,48444.83
95.0,30.0,1.0,48.850269949249544,2.3512990834886374,36.0,2026-06-25 11:37:30,48474.36,48444.83
100.0,30.0,1.0,48.850269949249544,2.3513674563038287,36.0,2026-06-25 11:39:00,48490.12,48444.84
0.0,35.0,1.0,48.85031494079113,2.35,36.0,2026-06-25 11:40:30,48500.47,48444.78
5.0,35.0,1.0,48.85031494079113,2.3500683728151914,36.0,2026-06-25 11:42:00,48471.76,48444.78
10.0,35.0,1.0,48.85031494079113,2.3501367456303828,36.0,2026-06-25 11:43:30,48457.7,48444.79
15.0,35.0,1.0,48.85031494079113,2.3502051184455746,36.0,2026-06-25 11:45:00,48432.31,48444.79
20.0,35.0,1.0,48.85031494079113,2.350273491260766,36.0,2026-06-25 11:46:30,48372.12,48444.79
25.0,35.0,1.0,48.85031494079113,2.3503418640759572,36.0,2026-06-25 11:48:00,48263.01,48444.8
30.0,35.0,1.0,48.85031494079113,2.3504102368911486,36.0,2026-06-25 11:49:30,48188.07,48444.8
35.0,35.0,1.0,48.85031494079113,2.35047860970634,36.0,2026-06-25 11:51:00,48105.38,48444.8
40.0,35.0,1.0,48.85031494079113,2.3505469825215317,36.0,2026-06-25 11:52:30,48114.66,48444.81
45.0,35.0,1.0,48.85031494079113,2.350615355336723,36.0,2026-06-25 11:54:00,48105.76,48444.81
50.0,35.0,1.0,48.85031494079113,2.3506837281519144,36.0,2026-06-25 11:55:30,48101.15,48444.81
55.0,35.0,1.0,48.85031494079113,2.3507521009671057,36.0,2026-06-25 11:57:00,48113.94,48444.82
60.0,35.0,1.0,48.85031494079113,2.3508204737822975,36.0,2026-06-25 11:58:30,48125.53,48444.82
65.0,35.0,1.0,48.85031494079113,2.350888846597489,36.0,2026-06-25 12:00:00,48173.54,48444.82
70.0,35.0,1.0,48.85031494079113,2.35095721941268,36.0,2026-06-25 12:01:30,48218.56,48444.83
75.0,35.0,1.0,48.85031494079113,2.3510255922278716,36.0,2026-06-25 12:03:00,48322.04,48444.83
80.0,35.0,1.0,48.85031494079113,2.351093965043063,36.0,2026-06-25 12:04:30,48397.75,48444.84
85.0,35.0,1.0,48.85031494079113,2.3511623378582547,36.0,2026-06-25 12:06:00,48451.13,48444.84
90.0,35.0,1.0,48.85031494079113,2.351230710673446,36.0,2026-06-25 12:07:30,48481.58,48444.84
95.0,35.0,1.0,48.85031494079113,2.3512990834886374,36.0,2026-06-25 12:09:00,48472.17,48444.85
100.0,35.0,1.0,48.85031494079113,2.3513674563038287,36.0,2026-06-25 12:10:30,48481.72,48444.85
0.0,40.0,1.0,48.85035993233272,2.35,36.0,2026-06-25 12:12:00,48466.38,48444.79
5.0,40.0,1.0,48.85035993233272,2.3500683728151914,36.0,2026-06-25 12:13:30,48469.88,48444.8
10.0,40.0,1.0,48.85035993233272,2.3501367456303828,36.0,2026-06-25 12:15:00,48462.3,48444.8
15.0,40.0,1.0,48.85035993233272,2.3502051184455746,36.0,2026-06-25 12:16:30,48438.78,48444.8
20.0,40.0,1.0,48.85035993233272,2.350273491260766,36.0,2026-06-25 12:18:00,48340.33,48444.81
25.0,40.0,1.0,48.85035993233272,2.3503418640759572,36.0,2026-06-25 12:19:30,48261.26,48444.81
30.0,40.0,1.0,48.85035993233272,2.3504102368911486,36.0,2026-06-25 12:21:00,48183.63,48444.81
35.0,40.0,1.0,48.85035993233272,2.35047860970634,36.0,2026-06-25 12:22:30,48140.07,48444.82
40.0,40.0,1.0,48.85035993233272,2.3505469825215317,36.0,2026-06-25 12:24:00,48121.83,48444.82
45.0,40.0,1.0,48.85035993233272,2.350615355336723,36.0,2026-06-25 12:25:30,48085.51,48444.82
50.0,40.0,1.0,48.85035993233272,2.3506837281519144,36.0,2026-06-25 12:27:00,48098.01,48444.83
55.0,40.0,1.0,48.85035993233272,2.3507521009671057,36.0,2026-06-25 12:28:30,48118.36,48444.83
60.0,40.0,1.0,48.85035993233272,2.3508204737822975,36.0,2026-06-25 12:30:00,48138.73,48444.83
65.0,40.0,1.0,48.85035993233272,2.350888846597489,36.0,2026-06-25 12:31:30,48165.92,48444.84
70.0,40.0,1.0,48.85035993233272,2.35095721941268,36.0,2026-06-25 12:33:00,48232.13,48444.84
75.0,40.0,1.0,48.85035993233272,2.3510255922278716,36.0,2026-06-25 12:34:30,48331.2,48444.85
80.0,40.0,1.0,48.85035993233272,2.351093965043063,36.0,2026-06-25 12:36:00,48410.41,48444.85
85.0,40.0,1.0,48.85035993233272,2.3511623378582547,36.0,2026-06-25 12:37:30,48470.46,48444.85
90.0,40.0,1.0,48.85035993233272,2.351230710673446,36.0,2026-06-25 12:39:00,48496.59,48444.86
95.0,40.0,1.0,48.85035993233272,2.3512990834886374,36.0,2026-06-25 12:40:30,48488.99,48444.86
100.0,40.0,1.0,48.85035993233272,2.3513674563038287,36.0,2026-06-25 12:42:00,48506.24,48444.86
0.0,45.0,1.0,48.850404923874315,2.35,36.0,2026-06-25 12:43:30,48449.48,48444.81
5.0,45.0,1.0,48.850404923874315,2.3500683728151914,36.0,2026-06-25 12:45:00,48471.57,48444.81
10.0,45.0,1.0,48.850404923874315,2.3501367456303828,36.0,2026-06-25 12:46:30,48480.52,48444.81
15.0,45.0,1.0,48.850404923874315,2.3502051184455746,36.0,2026-06-25 12:48:00,48438.47,48444.82
20.0,45.0,1.0,48.850404923874315,2.350273491260766,36.0,2026-06-25 12:49:30,48380.38,48444.82
25.0,45.0,1.0,48.850404923874315,2.3503418640759572,36.0,2026-06-25 12:51:00,48269.02,48444.82
30.0,45.0,1.0,48.850404923874315,2.3504102368911486,36.0,2026-06-25 12:52:30,48166.29,48444.83
35.0,45.0,1.0,48.850404923874315,2.35047860970634,36.0,2026-06-25 12:54:00,48127.57,48444.83
40.0,45.0,1.0,48.850404923874315,2.3505469825215317,36.0,2026-06-25 12:55:30,48134.24,48444.83
45.0,45.0,1.0,48.850404923874315,2.350615355336723,36.0,2026-06-25 12:57:00,48093.12,48444.84
50.0,45.0,1.0,48.850404923874315,2.3506837281519144,36.0,2026-06-25 12:58:30,48106.51,48444.84
55.0,45.0,1.0,48.850404923874315,2.3507521009671057,36.0,2026-06-25 13:00:00,48106.24,48444.84
60.0,45.0,1.0,48.850404923874315,2.3508204737822975,36.0,2026-06-25 13:01:30,48135.89,48444.85
65.0,45.0,1.0,48.850404923874315,2.350888846597489,36.0,2026-06-25 13:03:00,48171.24,48444.85
70.0,45.0,1.0,48.850404923874315,2.35095721941268,36.0,2026-06-25 13:04:30,48248.33,48444.86
75.0,45.0,1.0,48.850404923874315,2.3510255922278716,36.0,2026-06-25 13:06:00,48329.74,48444.86
80.0,45.0,1.0,48.850404923874315,2.351093965043063,36.0,2026-06-25 13:07:30,48447.19,48444.86
85.0,45.0,1.0,48.850404923874315,2.3511623378582547,36.0,2026-06-25 13:09:00,48481.65,48444.87
90.0,45.0,1.0,48.850404923874315,2.351230710673446,36.0,2026-06-25 13:10:30,48486.53,48444.87
95.0,45.0,1.0,48.850404923874315,2.3512990834886374,36.0,2026-06-25 13:12:00,48484.35,48444.87
100.0,45.0,1.0,48.850404923874315,2.3513674563038287,36.0,2026-06-25 13:13:30,48478.03,48444.88
0.0,50.0,1.0,48.8504499154159,2.35,36.0,2026-06-25 13:15:00,48482.93,48444.82
5.0,50.0,1.0,48.8504499154159,2.3500683728151914,36.0,2026-06-25 13:16:30,48498.28,48444.82
10.0,50.0,1.0,48.8504499154159,2.3501367456303828,36.0,2026-06-25 13:18:00,48460.49,48444.83
15.0,50.0,1.0,48.8504499154159,2.3502051184455746,36.0,2026-06-25 13:19:30,48419.29,48444.83
20.0,50.0,1.0,48.8504499154159,2.350273491260766,36.0,2026-06-25 13:21:00,48367.58,48444.83
25.0,50.0,1.0,48.8504499154159,2.3503418640759572,36.0,2026-06-25 13:22:30,48267.99,48444.84
30.0,50.0,1.0,48.8504499154159,2.3504102368911486,36.0,2026-06-25 13:24:00,48178.49,48444.84
35.0,50.0,1.0,48.8504499154159,2.35047860970634,36.0,2026-06-25 13:25:30,48122.95,48444.84
40.0,50.0,1.0,48.8504499154159,2.3505469825215317,36.0,2026-06-25 13:27:00,48129.01,48444.85
45.0,50.0,1.0,48.8504499154159,2.350615355336723,36.0,2026-06-25 13:28:30,48145.15,48444.85
50.0,50.0,1.0,48.8504499154159,2.3506837281519144,36.0,2026-06-25 13:30:00,48145.93,48444.85
55.0,50.0,1.0,48.8504499154159,2.3507521009671057,36.0,2026-06-25 13:31:30,48152.03,48444.86
60.0,50.0,1.0,48.8504499154159,2.3508204737822975,36.0,2026-06-25 13:33:00,48159.36,48444.86
65.0,50.0,1.0,48.8504499154159,2.350888846597489,36.0,2026-06-25 13:34:30,48196.07,48444.87
70.0,50.0,1.0,48.8504499154159,2.35095721941268,36.0,2026-06-25 13:36:00,48266.54,48444.87
75.0,50.0,1.0,48.8504499154159,2.3510255922278716,36.0,2026-06-25 13:37:30,48349.32,48444.87
80.0,50.0,1.0,48.8504499154159,2.351093965043063,36.0,2026-06-25 13:39:00,48439.34,48444.88
85.0,50.0,1.0,48.8504499154159,2.3511623378582547,36.0,2026-06-25 13:40:30,48476.31,48444.88
90.0,50.0,1.0,48.8504499154159,2.351230710673446,36.0,2026-06-25 13:42:00,48508.68,48444.88
95.0,50.0,1.0,48.8504499154159,2.3512990834886374,36.0,2026-06-25 13:43:30,48488.05,48444.89
100.0,50.0,1.0,48.8504499154159,2.3513674563038287,36.0,2026-06-25 13:45:00,48504.27,48444.89
0.0,55.0,1.0,48.85049490695749,2.35,36.0,2026-06-25 13:46:30,48491.35,48444.83
5.0,55.0,1.0,48.85049490695749,2.3500683728151914,36.0,2026-06-25 13:48:00,48486.46,48444.84
10.0,55.0,1.0,48.85049490695749,2.3501367456303828,36.0,2026-06-25 13:49:30,48472.37,48444.84
15.0,55.0,1.0,48.85049490695749,2.3502051184455746,36.0,2026-06-25 13:51:00,48429.39,48444.84
20.0,55.0,1.0,48.85049490695749,2.350273491260766,36.0,2026-06-25 13:52:30,48367.27,48444.85
25.0,55.0,1.0,48.85049490695749,2.3503418640759572,36.0,2026-06-25 13:54:00,48277.41,48444.85
30.0,55.0,1.0,48.85049490695749,2.3504102368911486,36.0,2026-06-25 13:55:30,48195.36,48444.85
35.0,55.0,1.0,48.85049490695749,2.35047860970634,36.0,2026-06-25 13:57:00,48144.51,48444.86
40.0,55.0,1.0,48.85049490695749,2.3505469825215317,36.0,2026-06-25 13:58:30,48139.45,48444.86
45.0,55.0,1.0,48.85049490695749,2.350615355336723,36.0,2026-06-25 14:00:00,48137.12,48444.86
50.0,55.0,1.0,48.85049490695749,2.3506837281519144,36.0,2026-06-25 14:01:30,48138.23,48444.87
55.0,55.0,1.0,48.85049490695749,2.3507521009671057,36.0,2026-06-25 14:03:00,48162.12,48444.87
60.0,55.0,1.0,48.85049490695749,2.3508204737822975,36.0,2026-06-25 14:04:30,48164.88,48444.88
65.0,55.0,1.0,48.85049490695749,2.350888846597489,36.0,2026-06-25 14:06:00,48208.13,48444.88
70.0,55.0,1.0,48.85049490695749,2.35095721941268,36.0,2026-06-25 14:07:30,48284.53,48444.88
75.0,55.0,1.0,48.85049490695749,2.3510255922278716,36.0,2026-06-25 14:09:00,48380.26,48444.89
80.0,55.0,1.0,48.85049490695749,2.351093965043063,36.0,2026-06-25 14:10:30,48445.04,48444.89
85.0,55.0,1.0,48.85049490695749,2.3511623378582547,36.0,2026-06-25 14:12:00,48498.36,48444.89
90.0,55.0,1.0,48.85049490695749,2.351230710673446,36.0,2026-06-25 14:13:30,48502.93,48444.9
95.0,55.0,1.0,48.85049490695749,2.3512990834886374,36.0,2026-06-25 14:15:00,48528.32,48444.9
100.0,55.0,1.0,48.85049490695749,2.3513674563038287,36.0,2026-06-25 14:16:30,48516.91,48444.9
0.0,60.0,1.0,48.850539898499086,2.35,36.0,2026-06-25 14:18:00,48495.8,48444.85
5.0,60.0,1.0,48.850539898499086,2.3500683728151914,36.0,2026-06-25 14:19:30,48476.73,48444.85
10.0,60.0,1.0,48.850539898499086,2.3501367456303828,36.0,2026-06-25 14:21:00,48464.75,48444.85
15.0,60.0,1.0,48.850539898499086,2.3502051184455746,36.0,2026-06-25 14:22:30,48446.4,48444.86
20.0,60.0,1.0,48.850539898499086,2.350273491260766,36.0,2026-06-25 14:24:00,48382.58,48444.86
25.0,60.0,1.0,48.850539898499086,2.3503418640759572,36.0,2026-06-25 14:25:30,48291.95,48444.86
30.0,60.0,1.0,48.850539898499086,2.3504102368911486,36.0,2026-06-25 14:27:00,48224.84,48444.87
35.0,60.0,1.0,48.850539898499086,2.35047860970634,36.0,2026-06-25 14:28:30,48163.69,48444.87
40.0,60.0,1.0,48.850539898499086,2.3505469825215317,36.0,2026-06-25 14:30:00,48144.53,48444.88
45.0,60.0,1.0,48.850539898499086,2.350615355336723,36.0,2026-06-25 14:31:30,48156.55,48444.88
50.0,60.0,1.0,48.850539898499086,2.3506837281519144,36.0,2026-06-25 14:33:00,48160.24,48444.88
55.0,60.0,1.0,48.850539898499086,2.3507521009671057,36.0,2026-06-25 14:34:30,48181.01,48444.89
60.0,60.0,1.0,48.850539898499086,2.3508204737822975,36.0,2026-06-25 14:36:00,48186.82,48444.89
65.0,60.0,1.0,48.850539898499086,2.350888846597489,36.0,2026-06-25 14:37:30,48224.42,48444.89
70.0,60.0,1.0,48.850539898499086,2.35095721941268,36.0,2026-06-25 14:39:00,48262.93,48444.9
75.0,60.0,1.0,48.850539898499086,2.3510255922278716,36.0,2026-06-25 14:40:30,48391.74,48444.9
80.0,60.0,1.0,48.850539898499086,2.351093965043063,36.0,2026-06-25 14:42:00,48458.53,48444.9
85.0,60.0,1.0,48.850539898499086,2.3511623378582547,36.0,2026-06-25 14:43:30,48483.38,48444.91
90.0,60.0,1.0,48.850539898499086,2.351230710673446,36.0,2026-06-25 14:45:00,48507.61,48444.91
95.0,60.0,1.0,48.850539898499086,2.3512990834886374,36.0,2026-06-25 14:46:30,48517.25,48444.91
100.0,60.0,1.0,48.850539898499086,2.3513674563038287,36.0,2026-06-25 14:48:00,48509.05,48444.92
0.0,65.0,1.0,48.85058489004067,2.35,36.0,2026-06-25 14:49:30,48482.58,48444.86
5.0,65.0,1.0,48.85058489004067,2.3500683728151914,36.0,2026-06-25 14:51:00,48487.74,48444.86
10.0,65.0,1.0,48.85058489004067,2.3501367456303828,36.0,2026-06-25 14:52:30,48482.03,48444.87
15.0,65.0,1.0,48.85058489004067,2.3502051184455746,36.0,2026-06-25 14:54:00,48435.48,48444.87
20.0,65.0,1.0,48.85058489004067,2.350273491260766,36.0,2026-06-25 14:55:30,48382.85,48444.87
25.0,65.0,1.0,48.85058489004067,2.3503418640759572,36.0,2026-06-25 14:57:00,48313.56,48444.88
30.0,65.0,1.0,48.85058489004067,2.3504102368911486,36.0,2026-06-25 14:58:30,48262.19,48444.88
35.0,65.0,1.0,48.85058489004067,2.35047860970634,36.0,2026-06-25 15:00:00,48235.56,48444.89
40.0,65.0,1.0,48.85058489004067,2.3505469825215317,36.0,2026-06-25 15:01:30,48213.53,48444.89
45.0,65.0,1.0,48.85058489004067,2.350615355336723,36.0,2026-06-25 15:03:00,48231.3,48444.89
50.0,65.0,1.0,48.85058489004067,2.3506837281519144,36.0,2026-06-25 15:04:30,48231.64,48444.9
55.0,65.0,1.0,48.85058489004067,2.3507521009671057,36.0,2026-06-25 15:06:00,48227.22,48444.9
60.0,65.0,1.0,48.85058489004067,2.3508204737822975,36.0,2026-06-25 15:07:30,48231.76,48444.9
65.0,65.0,1.0,48.85058489004067,2.350888846597489,36.0,2026-06-25 15:09:00,48259.2,48444.91
70.0,65.0,1.0,48.85058489004067,2.35095721941268,36.0,2026-06-25 15:10:30,48319.56,48444.91
75.0,65.0,1.0,48.85058489004067,2.3510255922278716,36.0,2026-06-25 15:12:00,48414.3,48444.91
80.0,65.0,1.0,48.85058489004067,2.351093965043063,36.0,2026-06-25 15:13:30,48478.14,48444.92
85.0,65.0,1.0,48.85058489004067,2.3511623378582547,36.0,2026-06-25 15:15:00,48485.84,48444.92
90.0,65.0,1.0,48.85058489004067,2.351230710673446,36.0,2026-06-25 15:16:30,48493.87,48444.92
95.0,65.0,1.0,48.85058489004067,2.3512990834886374,36.0,2026-06-25 15:18:00,48514.86,48444.93
100.0,65.0,1.0,48.85058489004067,2.3513674563038287,36.0,2026-06-25 15:19:30,48502.14,48444.93
0.0,70.0,1.0,48.850629881582265,2.35,36.0,2026-06-25 15:21:00,48473.81,48444.87
5.0,70.0,1.0,48.850629881582265,2.3500683728151914,36.0,2026-06-25 15:22:30,48491.15,48444.88
10.0,70.0,1.0,48.850629881582265,2.3501367456303828,36.0,2026-06-25 15:24:00,48494.26,48444.88
15.0,70.0,1.0,48.850629881582265,2.3502051184455746,36.0,2026-06-25 15:25:30,48472.23,48444.88
20.0,70.0,1.0,48.850629881582265,2.350273491260766,36.0,2026-06-25 15:27:00,48427.8,48444.89
25.0,70.0,1.0,48.850629881582265,2.3503418640759572,36.0,2026-06-25 15:28:30,48384.33,48444.89
30.0,70.0,1.0,48.850629881582265,2.3504102368911486,36.0,2026-06-25 15:30:00,48315.13,48444.9
35.0,70.0,1.0,48.850629881582265,2.35047860970634,36.0,2026-06-25 15:31:30,48292.46,48444.9
40.0,70.0,1.0,48.850629881582265,2.3505469825215317,36.0,2026-06-25 15:33:00,48287.38,48444.9
45.0,70.0,1.0,48.850629881582265,2.350615355336723,36.0,2026-06-25 15:34:30,48324.83,48444.91
50.0,70.0,1.0,48.850629881582265,2.3506837281519144,36.0,2026-06-25 15:36:00,48333.25,48444.91
55.0,70.0,1.0,48.850629881582265,2.3507521009671057,36.0,2026-06-25 15:37:30,48314.76,48444.91
60.0,70.0,1.0,48.850629881582265,2.3508204737822975,36.0,2026-06-25 15:39:00,48331.47,48444.92
65.0,70.0,1.0,48.850629881582265,2.350888846597489,36.0,2026-06-25 15:40:30,48348.67,48444.92
70.0,70.0,1.0,48.850629881582265,2.35095721941268,36.0,2026-06-25 15:42:00,48392.17,48444.92
75.0,70.0,1.0,48.850629881582265,2.3510255922278716,36.0,2026-06-25 15:43:30,48454.59,48444.93
80.0,70.0,1.0,48.850629881582265,2.351093965043063,36.0,2026-06-25 15:45:00,48499.25,48444.93
85.0,70.0,1.0,48.850629881582265,2.3511623378582547,36.0,2026-06-25 15:46:30,48510.32,48444.93
90.0,70.0,1.0,48.850629881582265,2.351230710673446,36.0,2026-06-25 15:48:00,48506.18,48444.94
95.0,70.0,1.0,48.850629881582265,2.3512990834886374,36.0,2026-06-25 15:49:30,48494.89,48444.94
100.0,70.0,1.0,48.850629881582265,2.3513674563038287,36.0,2026-06-25 15:51:00,48470.52,48444.95
0.0,75.0,1.0,48.85067487312386,2.35,36.0,2026-06-25 15:52:30,48484.16,48444.89
5.0,75.0,1.0,48.85067487312386,2.3500683728151914,36.0,2026-06-25 15:54:00,48476.85,48444.89
10.0,75.0,1.0,48.85067487312386,2.3501367456303828,36.0,2026-06-25 15:55:30,48486.2,48444.89
15.0,75.0,1.0,48.85067487312386,2.3502051184455746,36.0,2026-06-25 15:57:00,48478.9,48444.9
20.0,75.0,1.0,48.85067487312386,2.350273491260766,36.0,2026-06-25 15:58:30,48452.92,48444.9
25.0,75.0,1.0,48.85067487312386,2.3503418640759572,36.0,2026-06-25 16:00:00,48433.52,48444.91
30.0,75.0,1.0,48.85067487312386,2.3504102368911486,36.0,2026-06-25 16:01:30,48424.85,48444.91
35.0,75.0,1.0,48.85067487312386,2.35047860970634,36.0,2026-06-25 16:03:00,48418.53,48444.91
40.0,75.0,1.0,48.85067487312386,2.3505469825215317,36.0,2026-06-25 16:04:30,48411.94,48444.92
45.0,75.0,1.0,48.85067487312386,2.350615355336723,36.0,2026-06-25 16:06:00,48420.75,48444.92
50.0,75.0,1.0,48.85067487312386,2.3506837281519144,36.0,2026-06-25 16:07:30,48441.78,48444.92
55.0,75.0,1.0,48.85067487312386,2.3507521009671057,36.0,2026-06-25 16:09:00,48442.86,48444.93
60.0,75.0,1.0,48.85067487312386,2.3508204737822975,36.0,2026-06-25 16:10:30,48449.06,48444.93
65.0,75.0,1.0,48.85067487312386,2.350888846597489,36.0,2026-06-25 16:12:00,48452.31,48444.93
70.0,75.0,1.0,48.85067487312386,2.35095721941268,36.0,2026-06-25 16:13:30,48481.01,48444.94
75.0,75.0,1.0,48.85067487312386,2.3510255922278716,36.0,2026-06-25 16:15:00,48499.82,48444.94
80.0,75.0,1.0,48.85067487312386,2.351093965043063,36.0,2026-06-25 16:16:30,48546.98,48444.94
85.0,75.0,1.0,48.85067487312386,2.3511623378582547,36.0,2026-06-25 16:18:00,48516.39,48444.95
90.0,75.0,1.0,48.85067487312386,2.351230710673446,36.0,2026-06-25 16:19:30,48507.6,48444.95
95.0,75.0,1.0,48.85067487312386,2.3512990834886374,36.0,2026-06-25 16:21:00,48525.96,48444.96
100.0,75.0,1.0,48.85067487312386,2.3513674563038287,36.0,2026-06-25 16:22:30,48499.16,48444.96
0.0,80.0,1.0,48.85071986466544,2.35,36.0,2026-06-25 16:24:00,48476.22,48444.9
5.0,80.0,1.0,48.85071986466544,2.3500683728151914,36.0,2026-06-25 16:25:30,48492.55,48444.9
10.0,80.0,1.0,48.85071986466544,2.3501367456303828,36.0,2026-06-25 16:27:00,48465.23,48444.91
15.0,80.0,1.0,48.85071986466544,2.3502051184455746,36.0,2026-06-25 16:28:30,48499.16,48444.91
20.0,80.0,1.0,48.85071986466544,2.350273491260766,36.0,2026-06-25 16:30:00,48496.31,48444.92
25.0,80.0,1.0,48.85071986466544,2.3503418640759572,36.0,2026-06-25 16:31:30,48500.22,48444.92
30.0,80.0,1.0,48.85071986466544,2.3504102368911486,36.0,2026-06-25 16:33:00,48493.01,48444.92
35.0,80.0,1.0,48.85071986466544,2.35047860970634,36.0,2026-06-25 16:34:30,48526.91,48444.93
40.0,80.0,1.0,48.85071986466544,2.3505469825215317,36.0,2026-06-25 16:36:00,48525.07,48444.93
45.0,80.0,1.0,48.85071986466544,2.350615355336723,36.0,2026-06-25 16:37:30,48529.85,48444.93
50.0,80.0,1.0,48.85071986466544,2.3506837281519144,36.0,2026-06-25 16:39:00,48540.16,48444.94
55.0,80.0,1.0,48.85071986466544,2.3507521009671057,36.0,2026-06-25 16:40:30,48529.5,48444.94
60.0,80.0,1.0,48.85071986466544,2.3508204737822975,36.0,2026-06-25 16:42:00,48538.84,48444.94
65.0,80.0,1.0,48.85071986466544,2.350888846597489,36.0,2026-06-25 16:43:30,48523.69,48444.95
70.0,80.0,1.0,48.85071986466544,2.35095721941268,36.0,2026-06-25 16:45:00,48528.91,48444.95
75.0,80.0,1.0,48.85071986466544,2.3510255922278716,36.0,2026-06-25 16:46:30,48544.22,48444.95
80.0,80.0,1.0,48.85071986466544,2.351093965043063,36.0,2026-06-25 16:48:00,48537.91,48444.96
85.0,80.0,1.0,48.85071986466544,2.3511623378582547,36.0,2026-06-25 16:49:30,48535.56,48444.96
90.0,80.0,1.0,48.85071986466544,2.351230710673446,36.0,2026-06-25 16:51:00,48508.97,48444.97
95.0,80.0,1.0,48.85071986466544,2.3512990834886374,36.0,2026-06-25 16:52:30,48504.78,48444.97
100.0,80.0,1.0,48.85071986466544,2.3513674563038287,36.0,2026-06-25 16:54:00,48490.05,48444.97
0.0,85.0,1.0,48.850764856207036,2.35,36.0,2026-06-25 16:55:30,48487.53,48444.91
5.0,85.0,1.0,48.850764856207036,2.3500683728151914,36.0,2026-06-25 16:57:00,48497.31,48444.92
10.0,85.0,1.0,48.850764856207036,2.3501367456303828,36.0,2026-06-25 16:58:30,48506.01,48444.92
15.0,85.0,1.0,48.850764856207036,2.3502051184455746,36.0,2026-06-25 17:00:00,48507.27,48444.93
20.0,85.0,1.0,48.850764856207036,2.350273491260766,36.0,2026-06-25 17:01:30,48501.0,48444.93
25.0,85.0,1.0,48.850764856207036,2.3503418640759572,36.0,2026-06-25 17:03:00,48523.41,48444.93
30.0,85.0,1.0,48.850764856207036,2.3504102368911486,36.0,2026-06-25 17:04:30,48522.51,48444.94
35.0,85.0,1.0,48.850764856207036,2.35047860970634,36.0,2026-06-25 17:06:00,48525.04,48444.94
40.0,85.0,1.0,48.850764856207036,2.3505469825215317,36.0,2026-06-25 17:07:30,48560.18,48444.94
45.0,85.0,1.0,48.850764856207036,2.350615355336723,36.0,2026-06-25 17:09:00,48567.73,48444.95
50.0,85.0,1.0,48.850764856207036,2.3506837281519144,36.0,2026-06-25 17:10:30,48579.74,48444.95
55.0,85.0,1.0,48.850764856207036,2.3507521009671057,36.0,2026-06-25 17:12:00,48582.6,48444.95
60.0,85.0,1.0,48.850764856207036,2.3508204737822975,36.0,2026-06-25 17:13:30,48558.18,48444.96
65.0,85.0,1.0,48.850764856207036,2.350888846597489,36.0,2026-06-25 17:15:00,48558.34,48444.96
70.0,85.0,1.0,48.850764856207036,2.35095721941268,36.0,2026-06-25 17:16:30,48561.51,48444.96
75.0,85.0,1.0,48.850764856207036,2.3510255922278716,36.0,2026-06-25 17:18:00,48551.89,48444.97
80.0,85.0,1.0,48.850764856207036,2.351093965043063,36.0,2026-06-25 17:19:30,48543.32,48444.97
85.0,85.0,1.0,48.850764856207036,2.3511623378582547,36.0,2026-06-25 17:21:00,48510.37,48444.98
90.0,85.0,1.0,48.850764856207036,2.351230710673446,36.0,2026-06-25 17:22:30,48510.3,48444.98
95.0,85.0,1.0,48.850764856207036,2.3512990834886374,36.0,2026-06-25 17:24:00,48510.12,48444.98
100.0,85.0,1.0,48.850764856207036,2.3513674563038287,36.0,2026-06-25 17:25:30,48516.94,48444.99
0.0,90.0,1.0,48.85080984774862,2.35,36.0,2026-06-25 17:27:00,48468.48,48444.93
5.0,90.0,1.0,48.85080984774862,2.3500683728151914,36.0,2026-06-25 17:28:30,48505.33,48444.93
10.0,90.0,1.0,48.85080984774862,2.3501367456303828,36.0,2026-06-25 17:30:00,48489.44,48444.94
15.0,90.0,1.0,48.85080984774862,2.3502051184455746,36.0,2026-06-25 17:31:30,48484.09,48444.94
20.0,90.0,1.0,48.85080984774862,2.350273491260766,36.0,2026-06-25 17:33:00,48525.7,48444.94
25.0,90.0,1.0,48.85080984774862,2.3503418640759572,36.0,2026-06-25 17:34:30,48510.09,48444.95
30.0,90.0,1.0,48.85080984774862,2.3504102368911486,36.0,2026-06-25 17:36:00,48521.84,48444.95
35.0,90.0,1.0,48.85080984774862,2.35047860970634,36.0,2026-06-25 17:37:30,48554.93,48444.95
40.0,90.0,1.0,48.85080984774862,2.3505469825215317,36.0,2026-06-25 17:39:00,48568.32,48444.96
45.0,90.0,1.0,48.85080984774862,2.350615355336723,36.0,2026-06-25 17:40:30,48564.11,48444.96
50.0,90.0,1.0,48.85080984774862,2.3506837281519144,36.0,2026-06-25 17:42:00,48558.99,48444.96
55.0,90.0,1.0,48.85080984774862,2.3507521009671057,36.0,2026-06-25 17:43:30,48551.0,48444.97
60.0,90.0,1.0,48.85080984774862,2.3508204737822975,36.0,2026-06-25 17:45:00,48567.75,48444.97
65.0,90.0,1.0,48.85080984774862,2.350888846597489,36.0,2026-06-25 17:46:30,48535.21,48444.97
70.0,90.0,1.0,48.85080984774862,2.35095721941268,36.0,2026-06-25 17:48:00,48537.05,48444.98
75.0,90.0,1.0,48.85080984774862,2.3510255922278716,36.0,2026-06-25 17:49:30,48554.86,48444.98
80.0,90.0,1.0,48.85080984774862,2.351093965043063,36.0,2026-06-25 17:51:00,48537.33,48444.99
85.0,90.0,1.0,48.85080984774862,2.3511623378582547,36.0,2026-06-25 17:52:30,48531.94,48444.99
90.0,90.0,1.0,48.85080984774862,2.351230710673446,36.0,2026-06-25 17:54:00,48511.77,48444.99
95.0,90.0,1.0,48.85080984774862,2.3512990834886374,36.0,2026-06-25 17:55:30,48485.65,48445.0
100.0,90.0,1.0,48.85080984774862,2.3513674563038287,36.0,2026-06-25 17:57:00,48496.57,48445.0
0.0,95.0,1.0,48.850854839290214,2.35,36.0,2026-06-25 17:58:30,48459.34,48444.94
5.0,95.0,1.0,48.850854839290214,2.3500683728151914,36.0,2026-06-25 18:00:00,48491.71,48444.95
10.0,95.0,1.0,48.850854839290214,2.3501367456303828,36.0,2026-06-25 18:01:30,48504.93,48444.95
15.0,95.0,1.0,48.850854839290214,2.3502051184455746,36.0,2026-06-25 18:03:00,48485.32,48444.95
20.0,95.0,1.0,48.850854839290214,2.350273491260766,36.0,2026-06-25 18:04:30,48516.59,48444.96
25.0,95.0,1.0,48.850854839290214,2.3503418640759572,36.0,2026-06-25 18:06:00,48514.78,48444.96
30.0,95.0,1.0,48.850854839290214,2.3504102368911486,36.0,2026-06-25 18:07:30,48522.9,48444.96
35.0,95.0,1.0,48.850854839290214,2.35047860970634,36.0,2026-06-25 18:09:00,48511.53,48444.97
40.0,95.0,1.0,48.850854839290214,2.3505469825215317,36.0,2026-06-25 18:10:30,48539.6,48444.97
45.0,95.0,1.0,48.850854839290214,2.350615355336723,36.0,2026-06-25 18:12:00,48556.59,48444.97
50.0,95.0,1.0,48.850854839290214,2.3506837281519144,36.0,2026-06-25 18:13:30,48530.41,48444.98
55.0,95.0,1.0,48.850854839290214,2.3507521009671057,36.0,2026-06-25 18:15:00,48544.9,48444.98
60.0,95.0,1.0,48.850854839290214,2.3508204737822975,36.0,2026-06-25 18:16:30,48540.57,48444.98
65.0,95.0,1.0,48.850854839290214,2.350888846597489,36.0,2026-06-25 18:18:00,48525.4,48444.99
70.0,95.0,1.0,48.850854839290214,2.35095721941268,36.0,2026-06-25 18:19:30,48549.38,48444.99
75.0,95.0,1.0,48.850854839290214,2.3510255922278716,36.0,2026-06-25 18:21:00,48528.77,48445.0
80.0,95.0,1.0,48.850854839290214,2.351093965043063,36.0,2026-06-25 18:22:30,48519.64,48445.0
85.0,95.0,1.0,48.850854839290214,2.3511623378582547,36.0,2026-06-25 18:24:00,48519.83,48445.0
90.0,95.0,1.0,48.850854839290214,2.351230710673446,36.0,2026-06-25 18:25:30,48491.94,48445.01
95.0,95.0,1.0,48.850854839290214,2.3512990834886374,36.0,2026-06-25 18:27:00,48530.0,48445.01
100.0,95.0,1.0,48.850854839290214,2.3513674563038287,36.0,2026-06-25 18:28:30,48481.49,48445.01
0.0,100.0,1.0,48.85089983083181,2.35,36.0,2026-06-25 18:30:00,48463.76,48444.96
5.0,100.0,1.0,48.85089983083181,2.3500683728151914,36.0,2026-06-25 18:31:30,48487.89,48444.96
10.0,100.0,1.0,48.85089983083181,2.3501367456303828,36.0,2026-06-25 18:33:00,48489.62,48444.96
15.0,100.0,1.0,48.85089983083181,2.3502051184455746,36.0,2026-06-25 18:34:30,48479.91,48444.97
20.0,100.0,1.0,48.85089983083181,2.350273491260766,36.0,2026-06-25 18:36:00,48487.32,48444.97
25.0,100.0,1.0,48.85089983083181,2.3503418640759572,36.0,2026-06-25 18:37:30,48514.61,48444.97
30.0,100.0,1.0,48.85089983083181,2.3504102368911486,36.0,2026-06-25 18:39:00,48515.98,48444.98
35.0,100.0,1.0,48.85089983083181,2.35047860970634,36.0,2026-06-25 18:40:30,48523.95,48444.98
40.0,100.0,1.0,48.85089983083181,2.3505469825215317,36.0,2026-06-25 18:42:00,48534.78,48444.98
45.0,100.0,1.0,48.85089983083181,2.350615355336723,36.0,2026-06-25 18:43:30,48522.15,48444.99
50.0,100.0,1.0,48.85089983083181,2.3506837281519144,36.0,2026-06-25 18:45:00,48545.78,48444.99
55.0,100.0,1.0,48.85089983083181,2.3507521009671057,36.0,2026-06-25 18:46:30,48531.78,48444.99
60.0,100.0,1.0,48.85089983083181,2.3508204737822975,36.0,2026-06-25 18:48:00,48538.03,48445.0
65.0,100.0,1.0,48.85089983083181,2.350888846597489,36.0,2026-06-25 18:49:30,48516.29,48445.0
70.0,100.0,1.0,48.85089983083181,2.35095721941268,36.0,2026-06-25 18:51:00,48529.81,48445.01
75.0,100.0,1.0,48.85089983083181,2.3510255922278716,36.0,2026-06-25 18:52:30,48518.06,48445.01
80.0,100.0,1.0,48.85089983083181,2.351093965043063,36.0,2026-06-25 18:54:00,48535.89,48445.01
85.0,100.0,1.0,48.85089983083181,2.3511623378582547,36.0,2026-06-25 18:55:30,48498.88,48445.02
90.0,100.0,1.0,48.85089983083181,2.351230710673446,36.0,2026-06-25 18:57:00,48510.87,48445.02
95.0,100.0,1.0,48.85089983083181,2.3512990834886374,36.0,2026-06-25 18:58:30,48495.2,48445.02
100.0,100.0,1.0,48.85089983083181,2.3513674563038287,36.0,2026-06-25 19:00:00,48500.23,48445.03
