Easting_X_m,Northing_Y_m,Height_local_m,Latitude,Longitude,Altitude_IGRF_m,Time,F_observado_nT
0.0,0.0,1.0,74.69,-94.83,61.0,2026-06-25 08:00:00,57291.74
5.0,0.0,1.0,74.69,-94.8298296042106,61.0,2026-06-25 08:01:30,57281.37
10.0,0.0,1.0,74.69,-94.82965920842119,61.0,2026-06-25 08:03:00,57269.33
15.0,0.0,1.0,74.69,-94.8294888126318,61.0,2026-06-25 08:04:30,57258.59
20.0,0.0,1.0,74.69,-94.8293184168424,61.0,2026-06-25 08:06:00,57248.42
25.0,0.0,1.0,74.69,-94.829148021053,61.0,2026-06-25 08:07:30,57269.48
30.0,0.0,1.0,74.69,-94.82897762526359,61.0,2026-06-25 08:09:00,57256.58
35.0,0.0,1.0,74.69,-94.8288072294742,61.0,2026-06-25 08:10:30,57253.94
40.0,0.0,1.0,74.69,-94.8286368336848,61.0,2026-06-25 08:12:00,57261.32
45.0,0.0,1.0,74.69,-94.82846643789539,61.0,2026-06-25 08:13:30,57263.39
50.0,0.0,1.0,74.69,-94.82829604210599,61.0,2026-06-25 08:15:00,57235.88
55.0,0.0,1.0,74.69,-94.8281256463166,61.0,2026-06-25 08:16:30,57276.78
60.0,0.0,1.0,74.69,-94.82795525052718,61.0,2026-06-25 08:18:00,57241.9
65.0,0.0,1.0,74.69,-94.82778485473779,61.0,2026-06-25 08:19:30,57293.47
70.0,0.0,1.0,74.69,-94.82761445894839,61.0,2026-06-25 08:21:00,57280.38
75.0,0.0,1.0,74.69,-94.82744406315899,61.0,2026-06-25 08:22:30,57269.94
80.0,0.0,1.0,74.69,-94.82727366736958,61.0,2026-06-25 08:24:00,57295.86
85.0,0.0,1.0,74.69,-94.82710327158019,61.0,2026-06-25 08:25:30,57281.47
90.0,0.0,1.0,74.69,-94.82693287579079,61.0,2026-06-25 08:27:00,57291.5
95.0,0.0,1.0,74.69,-94.82676248000138,61.0,2026-06-25 08:28:30,57285.08
100.0,0.0,1.0,74.69,-94.82659208421198,61.0,2026-06-25 08:30:00,57297.67
0.0,5.0,1.0,74.69004499154158,-94.83,61.0,2026-06-25 08:31:30,57293.36
5.0,5.0,1.0,74.69004499154158,-94.8298296042106,61.0,2026-06-25 08:33:00,57267.19
10.0,5.0,1.0,74.69004499154158,-94.82965920842119,61.0,2026-06-25 08:34:30,57268.23
15.0,5.0,1.0,74.69004499154158,-94.8294888126318,61.0,2026-06-25 08:36:00,57276.51
20.0,5.0,1.0,74.69004499154158,-94.8293184168424,61.0,2026-06-25 08:37:30,57264.6
25.0,5.0,1.0,74.69004499154158,-94.829148021053,61.0,2026-06-25 08:39:00,57232.48
30.0,5.0,1.0,74.69004499154158,-94.82897762526359,61.0,2026-06-25 08:40:30,57281.22
35.0,5.0,1.0,74.69004499154158,-94.8288072294742,61.0,2026-06-25 08:42:00,57224.59
40.0,5.0,1.0,74.69004499154158,-94.8286368336848,61.0,2026-06-25 08:43:30,57223.55
45.0,5.0,1.0,74.69004499154158,-94.82846643789539,61.0,2026-06-25 08:45:00,57232.62
50.0,5.0,1.0,74.69004499154158,-94.82829604210599,61.0,2026-06-25 08:46:30,57256.48
55.0,5.0,1.0,74.69004499154158,-94.8281256463166,61.0,2026-06-25 08:48:00,57273.74
60.0,5.0,1.0,74.69004499154158,-94.82795525052718,61.0,2026-06-25 08:49:30,57251.54
65.0,5.0,1.0,74.69004499154158,-94.82778485473779,61.0,2026-06-25 08:51:00,57254.03
70.0,5.0,1.0,74.69004499154158,-94.82761445894839,61.0,2026-06-25 08:52:30,57267.03
75.0,5.0,1.0,74.69004499154158,-94.82744406315899,61.0,2026-06-25 08:54:00,57266.52
80.0,5.0,1.0,74.69004499154158,-94.82727366736958,61.0,2026-06-25 08:55:30,57278.02
85.0,5.0,1.0,74.69004499154158,-94.82710327158019,61.0,2026-06-25 08:57:00,57267.7
90.0,5.0,1.0,74.69004499154158,-94.82693287579079,61.0,2026-06-25 08:58:30,57290.12
95.0,5.0,1.0,74.69004499154158,-94.82676248000138,61.0,2026-06-25 09:00:00,57291.59
100.0,5.0,1.0,74.69004499154158,-94.82659208421198,61.0,2026-06-25 09:01:30,57256.77
0.0,10.0,1.0,74.69008998308318,-94.83,61.0,2026-06-25 09:03:00,57279.77
5.0,10.0,1.0,74.69008998308318,-94.8298296042106,61.0,2026-06-25 09:04:30,57281.1
10.0,10.0,1.0,74.69008998308318,-94.82965920842119,61.0,2026-06-25 09:06:00,57281.21
15.0,10.0,1.0,74.69008998308318,-94.8294888126318,61.0,2026-06-25 09:07:30,57256.83
20.0,10.0,1.0,74.69008998308318,-94.8293184168424,61.0,2026-06-25 09:09:00,57239.96
25.0,10.0,1.0,74.69008998308318,-94.829148021053,61.0,2026-06-25 09:10:30,57231.9
30.0,10.0,1.0,74.69008998308318,-94.82897762526359,61.0,2026-06-25 09:12:00,57239.37
35.0,10.0,1.0,74.69008998308318,-94.8288072294742,61.0,2026-06-25 09:13:30,57213.39
40.0,10.0,1.0,74.69008998308318,-94.8286368336848,61.0,2026-06-25 09:15:00,57209.91
45.0,10.0,1.0,74.69008998308318,-94.82846643789539,61.0,2026-06-25 09:16:30,57231.6
50.0,10.0,1.0,74.69008998308318,-94.82829604210599,61.0,2026-06-25 09:18:00,57208.63
55.0,10.0,1.0,74.69008998308318,-94.8281256463166,61.0,2026-06-25 09:19:30,57209.77
60.0,10.0,1.0,74.69008998308318,-94.82795525052718,61.0,2026-06-25 09:21:00,57225.34
65.0,10.0,1.0,74.69008998308318,-94.82778485473779,61.0,2026-06-25 09:22:30,57237.13
70.0,10.0,1.0,74.69008998308318,-94.82761445894839,61.0,2026-06-25 09:24:00,57259.38
75.0,10.0,1.0,74.69008998308318,-94.82744406315899,61.0,2026-06-25 09:25:30,57248.37
80.0,10.0,1.0,74.69008998308318,-94.82727366736958,61.0,2026-06-25 09:27:00,57252.4
85.0,10.0,1.0,74.69008998308318,-94.82710327158019,61.0,2026-06-25 09:28:30,57279.24
90.0,10.0,1.0,74.69008998308318,-94.82693287579079,61.0,2026-06-25 09:30:00,57294.41
95.0,10.0,1.0,74.69008998308318,-94.82676248000138,61.0,2026-06-25 09:31:30,57270.64
100.0,10.0,1.0,74.69008998308318,-94.82659208421198,61.0,2026-06-25 09:33:00,57283.74
0.0,15.0,1.0,74.69013497462477,-94.83,61.0,2026-06-25 09:34:30,57286.69
5.0,15.0,1.0,74.69013497462477,-94.8298296042106,61.0,2026-06-25 09:36:00,57282.09
10.0,15.0,1.0,74.69013497462477,-94.82965920842119,61.0,2026-06-25 09:37:30,57272.28
15.0,15.0,1.0,74.69013497462477,-94.8294888126318,61.0,2026-06-25 09:39:00,57254.69
20.0,15.0,1.0,74.69013497462477,-94.8293184168424,61.0,2026-06-25 09:40:30,57227.02
25.0,15.0,1.0,74.69013497462477,-94.829148021053,61.0,2026-06-25 09:42:00,57199.34
30.0,15.0,1.0,74.69013497462477,-94.82897762526359,61.0,2026-06-25 09:43:30,57200.57
35.0,15.0,1.0,74.69013497462477,-94.8288072294742,61.0,2026-06-25 09:45:00,57155.23
40.0,15.0,1.0,74.69013497462477,-94.8286368336848,61.0,2026-06-25 09:46:30,57175.67
45.0,15.0,1.0,74.69013497462477,-94.82846643789539,61.0,2026-06-25 09:48:00,57140.82
50.0,15.0,1.0,74.69013497462477,-94.82829604210599,61.0,2026-06-25 09:49:30,57194.19
55.0,15.0,1.0,74.69013497462477,-94.8281256463166,61.0,2026-06-25 09:51:00,57140.95
60.0,15.0,1.0,74.69013497462477,-94.82795525052718,61.0,2026-06-25 09:52:30,57190.76
65.0,15.0,1.0,74.69013497462477,-94.82778485473779,61.0,2026-06-25 09:54:00,57174.04
70.0,15.0,1.0,74.69013497462477,-94.82761445894839,61.0,2026-06-25 09:55:30,57205.61
75.0,15.0,1.0,74.69013497462477,-94.82744406315899,61.0,2026-06-25 09:57:00,57233.73
80.0,15.0,1.0,74.69013497462477,-94.82727366736958,61.0,2026-06-25 09:58:30,57251.47
85.0,15.0,1.0,74.69013497462477,-94.82710327158019,61.0,2026-06-25 10:00:00,57305.02
90.0,15.0,1.0,74.69013497462477,-94.82693287579079,61.0,2026-06-25 10:01:30,57288.13
95.0,15.0,1.0,74.69013497462477,-94.82676248000138,61.0,2026-06-25 10:03:00,57275.15
100.0,15.0,1.0,74.69013497462477,-94.82659208421198,61.0,2026-06-25 10:04:30,57300.83
0.0,20.0,1.0,74.69017996616635,-94.83,61.0,2026-06-25 10:06:00,57292.85
5.0,20.0,1.0,74.69017996616635,-94.8298296042106,61.0,2026-06-25 10:07:30,57264.52
10.0,20.0,1.0,74.69017996616635,-94.82965920842119,61.0,2026-06-25 10:09:00,57273.76
15.0,20.0,1.0,74.69017996616635,-94.8294888126318,61.0,2026-06-25 10:10:30,57245.99
20.0,20.0,1.0,74.69017996616635,-94.8293184168424,61.0,2026-06-25 10:12:00,57217.28
25.0,20.0,1.0,74.69017996616635,-94.829148021053,61.0,2026-06-25 10:13:30,57163.9
30.0,20.0,1.0,74.69017996616635,-94.82897762526359,61.0,2026-06-25 10:15:00,57106.43
35.0,20.0,1.0,74.69017996616635,-94.8288072294742,61.0,2026-06-25 10:16:30,57070.95
40.0,20.0,1.0,74.69017996616635,-94.8286368336848,61.0,2026-06-25 10:18:00,57072.58
45.0,20.0,1.0,74.69017996616635,-94.82846643789539,61.0,2026-06-25 10:19:30,57060.38
50.0,20.0,1.0,74.69017996616635,-94.82829604210599,61.0,2026-06-25 10:21:00,57039.0
55.0,20.0,1.0,74.69017996616635,-94.8281256463166,61.0,2026-06-25 10:22:30,57057.19
60.0,20.0,1.0,74.69017996616635,-94.82795525052718,61.0,2026-06-25 10:24:00,57070.53
65.0,20.0,1.0,74.69017996616635,-94.82778485473779,61.0,2026-06-25 10:25:30,57096.81
70.0,20.0,1.0,74.69017996616635,-94.82761445894839,61.0,2026-06-25 10:27:00,57167.75
75.0,20.0,1.0,74.69017996616635,-94.82744406315899,61.0,2026-06-25 10:28:30,57187.43
80.0,20.0,1.0,74.69017996616635,-94.82727366736958,61.0,2026-06-25 10:30:00,57247.41
85.0,20.0,1.0,74.69017996616635,-94.82710327158019,61.0,2026-06-25 10:31:30,57293.66
90.0,20.0,1.0,74.69017996616635,-94.82693287579079,61.0,2026-06-25 10:33:00,57294.81
95.0,20.0,1.0,74.69017996616635,-94.82676248000138,61.0,2026-06-25 10:34:30,57299.92
100.0,20.0,1.0,74.69017996616635,-94.82659208421198,61.0,2026-06-25 10:36:00,57312.49
0.0,25.0,1.0,74.69022495770795,-94.83,61.0,2026-06-25 10:37:30,57288.67
5.0,25.0,1.0,74.69022495770795,-94.8298296042106,61.0,2026-06-25 10:39:00,57281.49
10.0,25.0,1.0,74.69022495770795,-94.82965920842119,61.0,2026-06-25 10:40:30,57272.42
15.0,25.0,1.0,74.69022495770795,-94.8294888126318,61.0,2026-06-25 10:42:00,57238.43
20.0,25.0,1.0,74.69022495770795,-94.8293184168424,61.0,2026-06-25 10:43:30,57165.87
25.0,25.0,1.0,74.69022495770795,-94.829148021053,61.0,2026-06-25 10:45:00,57074.21
30.0,25.0,1.0,74.69022495770795,-94.82897762526359,61.0,2026-06-25 10:46:30,57008.68
35.0,25.0,1.0,74.69022495770795,-94.8288072294742,61.0,2026-06-25 10:48:00,56981.39
40.0,25.0,1.0,74.69022495770795,-94.8286368336848,61.0,2026-06-25 10:49:30,56941.55
45.0,25.0,1.0,74.69022495770795,-94.82846643789539,61.0,2026-06-25 10:51:00,56953.21
50.0,25.0,1.0,74.69022495770795,-94.82829604210599,61.0,2026-06-25 10:52:30,56945.81
55.0,25.0,1.0,74.69022495770795,-94.8281256463166,61.0,2026-06-25 10:54:00,56944.84
60.0,25.0,1.0,74.69022495770795,-94.82795525052718,61.0,2026-06-25 10:55:30,56932.6
65.0,25.0,1.0,74.69022495770795,-94.82778485473779,61.0,2026-06-25 10:57:00,57000.76
70.0,25.0,1.0,74.69022495770795,-94.82761445894839,61.0,2026-06-25 10:58:30,57054.7
75.0,25.0,1.0,74.69022495770795,-94.82744406315899,61.0,2026-06-25 11:00:00,57124.9
80.0,25.0,1.0,74.69022495770795,-94.82727366736958,61.0,2026-06-25 11:01:30,57230.57
85.0,25.0,1.0,74.69022495770795,-94.82710327158019,61.0,2026-06-25 11:03:00,57270.85
90.0,25.0,1.0,74.69022495770795,-94.82693287579079,61.0,2026-06-25 11:04:30,57296.09
95.0,25.0,1.0,74.69022495770795,-94.82676248000138,61.0,2026-06-25 11:06:00,57290.8
100.0,25.0,1.0,74.69022495770795,-94.82659208421198,61.0,2026-06-25 11:07:30,57302.29
0.0,30.0,1.0,74.69026994924954,-94.83,61.0,2026-06-25 11:09:00,57282.03
5.0,30.0,1.0,74.69026994924954,-94.8298296042106,61.0,2026-06-25 11:10:30,57294.03
10.0,30.0,1.0,74.69026994924954,-94.82965920842119,61.0,2026-06-25 11:12:00,57265.18
15.0,30.0,1.0,74.69026994924954,-94.8294888126318,61.0,2026-06-25 11:13:30,57209.43
20.0,30.0,1.0,74.69026994924954,-94.8293184168424,61.0,2026-06-25 11:15:00,57157.96
25.0,30.0,1.0,74.69026994924954,-94.829148021053,61.0,2026-06-25 11:16:30,57049.45
30.0,30.0,1.0,74.69026994924954,-94.82897762526359,61.0,2026-06-25 11:18:00,56948.78
35.0,30.0,1.0,74.69026994924954,-94.8288072294742,61.0,2026-06-25 11:19:30,56880.48
40.0,30.0,1.0,74.69026994924954,-94.8286368336848,61.0,2026-06-25 11:21:00,56889.47
45.0,30.0,1.0,74.69026994924954,-94.82846643789539,61.0,2026-06-25 11:22:30,56862.32
50.0,30.0,1.0,74.69026994924954,-94.82829604210599,61.0,2026-06-25 11:24:00,56893.78
55.0,30.0,1.0,74.69026994924954,-94.8281256463166,61.0,2026-06-25 11:25:30,56874.87
60.0,30.0,1.0,74.69026994924954,-94.82795525052718,61.0,2026-06-25 11:27:00,56902.78
65.0,30.0,1.0,74.69026994924954,-94.82778485473779,61.0,2026-06-25 11:28:30,56940.33
70.0,30.0,1.0,74.69026994924954,-94.82761445894839,61.0,2026-06-25 11:30:00,57016.3
75.0,30.0,1.0,74.69026994924954,-94.82744406315899,61.0,2026-06-25 11:31:30,57155.45
80.0,30.0,1.0,74.69026994924954,-94.82727366736958,61.0,2026-06-25 11:33:00,57214.48
85.0,30.0,1.0,74.69026994924954,-94.82710327158019,61.0,2026-06-25 11:34:30,57301.33
90.0,30.0,1.0,74.69026994924954,-94.82693287579079,61.0,2026-06-25 11:36:00,57304.86
95.0,30.0,1.0,74.69026994924954,-94.82676248000138,61.0,2026-06-25 11:37:30,57294.64
100.0,30.0,1.0,74.69026994924954,-94.82659208421198,61.0,2026-06-25 11:39:00,57320.13
0.0,35.0,1.0,74.69031494079113,-94.83,61.0,2026-06-25 11:40:30,57301.29
5.0,35.0,1.0,74.69031494079113,-94.8298296042106,61.0,2026-06-25 11:42:00,57295.31
10.0,35.0,1.0,74.69031494079113,-94.82965920842119,61.0,2026-06-25 11:43:30,57250.3
15.0,35.0,1.0,74.69031494079113,-94.8294888126318,61.0,2026-06-25 11:45:00,57235.19
20.0,35.0,1.0,74.69031494079113,-94.8293184168424,61.0,2026-06-25 11:46:30,57149.12
25.0,35.0,1.0,74.69031494079113,-94.829148021053,61.0,2026-06-25 11:48:00,57042.37
30.0,35.0,1.0,74.69031494079113,-94.82897762526359,61.0,2026-06-25 11:49:30,56943.11
35.0,35.0,1.0,74.69031494079113,-94.8288072294742,61.0,2026-06-25 11:51:00,56892.46
40.0,35.0,1.0,74.69031494079113,-94.8286368336848,61.0,2026-06-25 11:52:30,56892.04
45.0,35.0,1.0,74.69031494079113,-94.82846643789539,61.0,2026-06-25 11:54:00,56873.63
50.0,35.0,1.0,74.69031494079113,-94.82829604210599,61.0,2026-06-25 11:55:30,56849.85
55.0,35.0,1.0,74.69031494079113,-94.8281256463166,61.0,2026-06-25 11:57:00,56898.37
60.0,35.0,1.0,74.69031494079113,-94.82795525052718,61.0,2026-06-25 11:58:30,56903.7
65.0,35.0,1.0,74.69031494079113,-94.82778485473779,61.0,2026-06-25 12:00:00,56944.73
70.0,35.0,1.0,74.69031494079113,-94.82761445894839,61.0,2026-06-25 12:01:30,56996.77
75.0,35.0,1.0,74.69031494079113,-94.82744406315899,61.0,2026-06-25 12:03:00,57136.09
80.0,35.0,1.0,74.69031494079113,-94.82727366736958,61.0,2026-06-25 12:04:30,57224.82
85.0,35.0,1.0,74.69031494079113,-94.82710327158019,61.0,2026-06-25 12:06:00,57296.73
90.0,35.0,1.0,74.69031494079113,-94.82693287579079,61.0,2026-06-25 12:07:30,57310.61
95.0,35.0,1.0,74.69031494079113,-94.82676248000138,61.0,2026-06-25 12:09:00,57319.63
100.0,35.0,1.0,74.69031494079113,-94.82659208421198,61.0,2026-06-25 12:10:30,57303.57
0.0,40.0,1.0,74.69035993233273,-94.83,61.0,2026-06-25 12:12:00,57270.39
5.0,40.0,1.0,74.69035993233273,-94.8298296042106,61.0,2026-06-25 12:13:30,57300.04
10.0,40.0,1.0,74.69035993233273,-94.82965920842119,61.0,2026-06-25 12:15:00,57277.39
15.0,40.0,1.0,74.69035993233273,-94.8294888126318,61.0,2026-06-25 12:16:30,57231.71
20.0,40.0,1.0,74.69035993233273,-94.8293184168424,61.0,2026-06-25 12:18:00,57157.41
25.0,40.0,1.0,74.69035993233273,-94.829148021053,61.0,2026-06-25 12:19:30,57046.64
30.0,40.0,1.0,74.69035993233273,-94.82897762526359,61.0,2026-06-25 12:21:00,56939.82
35.0,40.0,1.0,74.69035993233273,-94.8288072294742,61.0,2026-06-25 12:22:30,56898.41
40.0,40.0,1.0,74.69035993233273,-94.8286368336848,61.0,2026-06-25 12:24:00,56896.22
45.0,40.0,1.0,74.69035993233273,-94.82846643789539,61.0,2026-06-25 12:25:30,56916.13
50.0,40.0,1.0,74.69035993233273,-94.82829604210599,61.0,2026-06-25 12:27:00,56906.64
55.0,40.0,1.0,74.69035993233273,-94.8281256463166,61.0,2026-06-25 12:28:30,56931.18
60.0,40.0,1.0,74.69035993233273,-94.82795525052718,61.0,2026-06-25 12:30:00,56917.94
65.0,40.0,1.0,74.69035993233273,-94.82778485473779,61.0,2026-06-25 12:31:30,56985.52
70.0,40.0,1.0,74.69035993233273,-94.82761445894839,61.0,2026-06-25 12:33:00,57038.73
75.0,40.0,1.0,74.69035993233273,-94.82744406315899,61.0,2026-06-25 12:34:30,57169.9
80.0,40.0,1.0,74.69035993233273,-94.82727366736958,61.0,2026-06-25 12:36:00,57262.83
85.0,40.0,1.0,74.69035993233273,-94.82710327158019,61.0,2026-06-25 12:37:30,57298.17
90.0,40.0,1.0,74.69035993233273,-94.82693287579079,61.0,2026-06-25 12:39:00,57314.97
95.0,40.0,1.0,74.69035993233273,-94.82676248000138,61.0,2026-06-25 12:40:30,57330.48
100.0,40.0,1.0,74.69035993233273,-94.82659208421198,61.0,2026-06-25 12:42:00,57302.55
0.0,45.0,1.0,74.69040492387431,-94.83,61.0,2026-06-25 12:43:30,57269.71
5.0,45.0,1.0,74.69040492387431,-94.8298296042106,61.0,2026-06-25 12:45:00,57302.33
10.0,45.0,1.0,74.69040492387431,-94.82965920842119,61.0,2026-06-25 12:46:30,57305.55
15.0,45.0,1.0,74.69040492387431,-94.8294888126318,61.0,2026-06-25 12:48:00,57221.28
20.0,45.0,1.0,74.69040492387431,-94.8293184168424,61.0,2026-06-25 12:49:30,57179.76
25.0,45.0,1.0,74.69040492387431,-94.829148021053,61.0,2026-06-25 12:51:00,57060.22
30.0,45.0,1.0,74.69040492387431,-94.82897762526359,61.0,2026-06-25 12:52:30,56981.44
35.0,45.0,1.0,74.69040492387431,-94.8288072294742,61.0,2026-06-25 12:54:00,56927.45
40.0,45.0,1.0,74.69040492387431,-94.8286368336848,61.0,2026-06-25 12:55:30,56937.79
45.0,45.0,1.0,74.69040492387431,-94.82846643789539,61.0,2026-06-25 12:57:00,56920.89
50.0,45.0,1.0,74.69040492387431,-94.82829604210599,61.0,2026-06-25 12:58:30,56931.79
55.0,45.0,1.0,74.69040492387431,-94.8281256463166,61.0,2026-06-25 13:00:00,56930.31
60.0,45.0,1.0,74.69040492387431,-94.82795525052718,61.0,2026-06-25 13:01:30,56970.84
65.0,45.0,1.0,74.69040492387431,-94.82778485473779,61.0,2026-06-25 13:03:00,56992.23
70.0,45.0,1.0,74.69040492387431,-94.82761445894839,61.0,2026-06-25 13:04:30,57064.49
75.0,45.0,1.0,74.69040492387431,-94.82744406315899,61.0,2026-06-25 13:06:00,57172.16
80.0,45.0,1.0,74.69040492387431,-94.82727366736958,61.0,2026-06-25 13:07:30,57245.57
85.0,45.0,1.0,74.69040492387431,-94.82710327158019,61.0,2026-06-25 13:09:00,57308.74
90.0,45.0,1.0,74.69040492387431,-94.82693287579079,61.0,2026-06-25 13:10:30,57301.59
95.0,45.0,1.0,74.69040492387431,-94.82676248000138,61.0,2026-06-25 13:12:00,57317.96
100.0,45.0,1.0,74.69040492387431,-94.82659208421198,61.0,2026-06-25 13:13:30,57313.29
0.0,50.0,1.0,74.6904499154159,-94.83,61.0,2026-06-25 13:15:00,57294.83
5.0,50.0,1.0,74.6904499154159,-94.8298296042106,61.0,2026-06-25 13:16:30,57294.13
10.0,50.0,1.0,74.6904499154159,-94.82965920842119,61.0,2026-06-25 13:18:00,57276.57
15.0,50.0,1.0,74.6904499154159,-94.8294888126318,61.0,2026-06-25 13:19:30,57261.16
20.0,50.0,1.0,74.6904499154159,-94.8293184168424,61.0,2026-06-25 13:21:00,57190.78
25.0,50.0,1.0,74.6904499154159,-94.829148021053,61.0,2026-06-25 13:22:30,57087.12
30.0,50.0,1.0,74.6904499154159,-94.82897762526359,61.0,2026-06-25 13:24:00,57004.5
35.0,50.0,1.0,74.6904499154159,-94.8288072294742,61.0,2026-06-25 13:25:30,56957.95
40.0,50.0,1.0,74.6904499154159,-94.8286368336848,61.0,2026-06-25 13:27:00,56955.08
45.0,50.0,1.0,74.6904499154159,-94.82846643789539,61.0,2026-06-25 13:28:30,56955.26
50.0,50.0,1.0,74.6904499154159,-94.82829604210599,61.0,2026-06-25 13:30:00,56943.89
55.0,50.0,1.0,74.6904499154159,-94.8281256463166,61.0,2026-06-25 13:31:30,56995.96
60.0,50.0,1.0,74.6904499154159,-94.82795525052718,61.0,2026-06-25 13:33:00,56986.78
65.0,50.0,1.0,74.6904499154159,-94.82778485473779,61.0,2026-06-25 13:34:30,57017.9
70.0,50.0,1.0,74.6904499154159,-94.82761445894839,61.0,2026-06-25 13:36:00,57096.47
75.0,50.0,1.0,74.6904499154159,-94.82744406315899,61.0,2026-06-25 13:37:30,57166.06
80.0,50.0,1.0,74.6904499154159,-94.82727366736958,61.0,2026-06-25 13:39:00,57272.87
85.0,50.0,1.0,74.6904499154159,-94.82710327158019,61.0,2026-06-25 13:40:30,57322.9
90.0,50.0,1.0,74.6904499154159,-94.82693287579079,61.0,2026-06-25 13:42:00,57325.3
95.0,50.0,1.0,74.6904499154159,-94.82676248000138,61.0,2026-06-25 13:43:30,57325.61
100.0,50.0,1.0,74.6904499154159,-94.82659208421198,61.0,2026-06-25 13:45:00,57313.1
0.0,55.0,1.0,74.69049490695748,-94.83,61.0,2026-06-25 13:46:30,57297.59
5.0,55.0,1.0,74.69049490695748,-94.8298296042106,61.0,2026-06-25 13:48:00,57299.85
10.0,55.0,1.0,74.69049490695748,-94.82965920842119,61.0,2026-06-25 13:49:30,57293.08
15.0,55.0,1.0,74.69049490695748,-94.8294888126318,61.0,2026-06-25 13:51:00,57251.1
20.0,55.0,1.0,74.69049490695748,-94.8293184168424,61.0,2026-06-25 13:52:30,57208.72
25.0,55.0,1.0,74.69049490695748,-94.829148021053,61.0,2026-06-25 13:54:00,57116.92
30.0,55.0,1.0,74.69049490695748,-94.82897762526359,61.0,2026-06-25 13:55:30,57024.9
35.0,55.0,1.0,74.69049490695748,-94.8288072294742,61.0,2026-06-25 13:57:00,56988.71
40.0,55.0,1.0,74.69049490695748,-94.8286368336848,61.0,2026-06-25 13:58:30,56990.23
45.0,55.0,1.0,74.69049490695748,-94.82846643789539,61.0,2026-06-25 14:00:00,57007.5
50.0,55.0,1.0,74.69049490695748,-94.82829604210599,61.0,2026-06-25 14:01:30,57013.87
55.0,55.0,1.0,74.69049490695748,-94.8281256463166,61.0,2026-06-25 14:03:00,56998.61
60.0,55.0,1.0,74.69049490695748,-94.82795525052718,61.0,2026-06-25 14:04:30,57017.01
65.0,55.0,1.0,74.69049490695748,-94.82778485473779,61.0,2026-06-25 14:06:00,57047.3
70.0,55.0,1.0,74.69049490695748,-94.82761445894839,61.0,2026-06-25 14:07:30,57121.1
75.0,55.0,1.0,74.69049490695748,-94.82744406315899,61.0,2026-06-25 14:09:00,57208.33
80.0,55.0,1.0,74.69049490695748,-94.82727366736958,61.0,2026-06-25 14:10:30,57295.7
85.0,55.0,1.0,74.69049490695748,-94.82710327158019,61.0,2026-06-25 14:12:00,57343.5
90.0,55.0,1.0,74.69049490695748,-94.82693287579079,61.0,2026-06-25 14:13:30,57336.46
95.0,55.0,1.0,74.69049490695748,-94.82676248000138,61.0,2026-06-25 14:15:00,57333.21
100.0,55.0,1.0,74.69049490695748,-94.82659208421198,61.0,2026-06-25 14:16:30,57324.9
0.0,60.0,1.0,74.69053989849908,-94.83,61.0,2026-06-25 14:18:00,57294.16
5.0,60.0,1.0,74.69053989849908,-94.8298296042106,61.0,2026-06-25 14:19:30,57301.96
10.0,60.0,1.0,74.69053989849908,-94.82965920842119,61.0,2026-06-25 14:21:00,57294.9
15.0,60.0,1.0,74.69053989849908,-94.8294888126318,61.0,2026-06-25 14:22:30,57269.71
20.0,60.0,1.0,74.69053989849908,-94.8293184168424,61.0,2026-06-25 14:24:00,57242.18
25.0,60.0,1.0,74.69053989849908,-94.829148021053,61.0,2026-06-25 14:25:30,57146.26
30.0,60.0,1.0,74.69053989849908,-94.82897762526359,61.0,2026-06-25 14:27:00,57032.86
35.0,60.0,1.0,74.69053989849908,-94.8288072294742,61.0,2026-06-25 14:28:30,57025.43
40.0,60.0,1.0,74.69053989849908,-94.8286368336848,61.0,2026-06-25 14:30:00,57030.76
45.0,60.0,1.0,74.69053989849908,-94.82846643789539,61.0,2026-06-25 14:31:30,57037.43
50.0,60.0,1.0,74.69053989849908,-94.82829604210599,61.0,2026-06-25 14:33:00,57034.48
55.0,60.0,1.0,74.69053989849908,-94.8281256463166,61.0,2026-06-25 14:34:30,57048.58
60.0,60.0,1.0,74.69053989849908,-94.82795525052718,61.0,2026-06-25 14:36:00,57059.72
65.0,60.0,1.0,74.69053989849908,-94.82778485473779,61.0,2026-06-25 14:37:30,57085.08
70.0,60.0,1.0,74.69053989849908,-94.82761445894839,61.0,2026-06-25 14:39:00,57154.53
75.0,60.0,1.0,74.69053989849908,-94.82744406315899,61.0,2026-06-25 14:40:30,57231.36
80.0,60.0,1.0,74.69053989849908,-94.82727366736958,61.0,2026-06-25 14:42:00,57298.0
85.0,60.0,1.0,74.69053989849908,-94.82710327158019,61.0,2026-06-25 14:43:30,57332.33
90.0,60.0,1.0,74.69053989849908,-94.82693287579079,61.0,2026-06-25 14:45:00,57337.88
95.0,60.0,1.0,74.69053989849908,-94.82676248000138,61.0,2026-06-25 14:46:30,57316.63
100.0,60.0,1.0,74.69053989849908,-94.82659208421198,61.0,2026-06-25 14:48:00,57313.85
0.0,65.0,1.0,74.69058489004067,-94.83,61.0,2026-06-25 14:49:30,57312.78
5.0,65.0,1.0,74.69058489004067,-94.8298296042106,61.0,2026-06-25 14:51:00,57319.72
10.0,65.0,1.0,74.69058489004067,-94.82965920842119,61.0,2026-06-25 14:52:30,57275.49
15.0,65.0,1.0,74.69058489004067,-94.8294888126318,61.0,2026-06-25 14:54:00,57320.55
20.0,65.0,1.0,74.69058489004067,-94.8293184168424,61.0,2026-06-25 14:55:30,57240.91
25.0,65.0,1.0,74.69058489004067,-94.829148021053,61.0,2026-06-25 14:57:00,57189.46
30.0,65.0,1.0,74.69058489004067,-94.82897762526359,61.0,2026-06-25 14:58:30,57103.61
35.0,65.0,1.0,74.69058489004067,-94.8288072294742,61.0,2026-06-25 15:00:00,57107.81
40.0,65.0,1.0,74.69058489004067,-94.8286368336848,61.0,2026-06-25 15:01:30,57101.28
45.0,65.0,1.0,74.69058489004067,-94.82846643789539,61.0,2026-06-25 15:03:00,57107.28
50.0,65.0,1.0,74.69058489004067,-94.82829604210599,61.0,2026-06-25 15:04:30,57111.84
55.0,65.0,1.0,74.69058489004067,-94.8281256463166,61.0,2026-06-25 15:06:00,57118.74
60.0,65.0,1.0,74.69058489004067,-94.82795525052718,61.0,2026-06-25 15:07:30,57139.17
65.0,65.0,1.0,74.69058489004067,-94.82778485473779,61.0,2026-06-25 15:09:00,57140.47
70.0,65.0,1.0,74.69058489004067,-94.82761445894839,61.0,2026-06-25 15:10:30,57190.77
75.0,65.0,1.0,74.69058489004067,-94.82744406315899,61.0,2026-06-25 15:12:00,57259.84
80.0,65.0,1.0,74.69058489004067,-94.82727366736958,61.0,2026-06-25 15:13:30,57303.59
85.0,65.0,1.0,74.69058489004067,-94.82710327158019,61.0,2026-06-25 15:15:00,57345.68
90.0,65.0,1.0,74.69058489004067,-94.82693287579079,61.0,2026-06-25 15:16:30,57341.37
95.0,65.0,1.0,74.69058489004067,-94.82676248000138,61.0,2026-06-25 15:18:00,57325.35
100.0,65.0,1.0,74.69058489004067,-94.82659208421198,61.0,2026-06-25 15:19:30,57303.87
0.0,70.0,1.0,74.69062988158225,-94.83,61.0,2026-06-25 15:21:00,57301.43
5.0,70.0,1.0,74.69062988158225,-94.8298296042106,61.0,2026-06-25 15:22:30,57308.18
10.0,70.0,1.0,74.69062988158225,-94.82965920842119,61.0,2026-06-25 15:24:00,57312.27
15.0,70.0,1.0,74.69062988158225,-94.8294888126318,61.0,2026-06-25 15:25:30,57307.11
20.0,70.0,1.0,74.69062988158225,-94.8293184168424,61.0,2026-06-25 15:27:00,57267.87
25.0,70.0,1.0,74.69062988158225,-94.829148021053,61.0,2026-06-25 15:28:30,57253.24
30.0,70.0,1.0,74.69062988158225,-94.82897762526359,61.0,2026-06-25 15:30:00,57215.78
35.0,70.0,1.0,74.69062988158225,-94.8288072294742,61.0,2026-06-25 15:31:30,57209.09
40.0,70.0,1.0,74.69062988158225,-94.8286368336848,61.0,2026-06-25 15:33:00,57212.12
45.0,70.0,1.0,74.69062988158225,-94.82846643789539,61.0,2026-06-25 15:34:30,57232.02
50.0,70.0,1.0,74.69062988158225,-94.82829604210599,61.0,2026-06-25 15:36:00,57231.8
55.0,70.0,1.0,74.69062988158225,-94.8281256463166,61.0,2026-06-25 15:37:30,57241.46
60.0,70.0,1.0,74.69062988158225,-94.82795525052718,61.0,2026-06-25 15:39:00,57235.77
65.0,70.0,1.0,74.69062988158225,-94.82778485473779,61.0,2026-06-25 15:40:30,57243.28
70.0,70.0,1.0,74.69062988158225,-94.82761445894839,61.0,2026-06-25 15:42:00,57275.77
75.0,70.0,1.0,74.69062988158225,-94.82744406315899,61.0,2026-06-25 15:43:30,57303.57
80.0,70.0,1.0,74.69062988158225,-94.82727366736958,61.0,2026-06-25 15:45:00,57343.44
85.0,70.0,1.0,74.69062988158225,-94.82710327158019,61.0,2026-06-25 15:46:30,57354.85
90.0,70.0,1.0,74.69062988158225,-94.82693287579079,61.0,2026-06-25 15:48:00,57335.6
95.0,70.0,1.0,74.69062988158225,-94.82676248000138,61.0,2026-06-25 15:49:30,57299.81
100.0,70.0,1.0,74.69062988158225,-94.82659208421198,61.0,2026-06-25 15:51:00,57312.03
0.0,75.0,1.0,74.69067487312385,-94.83,61.0,2026-06-25 15:52:30,57296.02
5.0,75.0,1.0,74.69067487312385,-94.8298296042106,61.0,2026-06-25 15:54:00,57321.74
10.0,75.0,1.0,74.69067487312385,-94.82965920842119,61.0,2026-06-25 15:55:30,57293.56
15.0,75.0,1.0,74.69067487312385,-94.8294888126318,61.0,2026-06-25 15:57:00,57311.02
20.0,75.0,1.0,74.69067487312385,-94.8293184168424,61.0,2026-06-25 15:58:30,57338.31
25.0,75.0,1.0,74.69067487312385,-94.829148021053,61.0,2026-06-25 16:00:00,57280.62
30.0,75.0,1.0,74.69067487312385,-94.82897762526359,61.0,2026-06-25 16:01:30,57303.29
35.0,75.0,1.0,74.69067487312385,-94.8288072294742,61.0,2026-06-25 16:03:00,57307.09
40.0,75.0,1.0,74.69067487312385,-94.8286368336848,61.0,2026-06-25 16:04:30,57306.26
45.0,75.0,1.0,74.69067487312385,-94.82846643789539,61.0,2026-06-25 16:06:00,57338.55
50.0,75.0,1.0,74.69067487312385,-94.82829604210599,61.0,2026-06-25 16:07:30,57333.65
55.0,75.0,1.0,74.69067487312385,-94.8281256463166,61.0,2026-06-25 16:09:00,57313.51
60.0,75.0,1.0,74.69067487312385,-94.82795525052718,61.0,2026-06-25 16:10:30,57339.44
65.0,75.0,1.0,74.69067487312385,-94.82778485473779,61.0,2026-06-25 16:12:00,57330.66
70.0,75.0,1.0,74.69067487312385,-94.82761445894839,61.0,2026-06-25 16:13:30,57365.84
75.0,75.0,1.0,74.69067487312385,-94.82744406315899,61.0,2026-06-25 16:15:00,57362.74
80.0,75.0,1.0,74.69067487312385,-94.82727366736958,61.0,2026-06-25 16:16:30,57352.03
85.0,75.0,1.0,74.69067487312385,-94.82710327158019,61.0,2026-06-25 16:18:00,57358.95
90.0,75.0,1.0,74.69067487312385,-94.82693287579079,61.0,2026-06-25 16:19:30,57365.31
95.0,75.0,1.0,74.69067487312385,-94.82676248000138,61.0,2026-06-25 16:21:00,57311.67
100.0,75.0,1.0,74.69067487312385,-94.82659208421198,61.0,2026-06-25 16:22:30,57303.41
0.0,80.0,1.0,74.69071986466544,-94.83,61.0,2026-06-25 16:24:00,57302.17
5.0,80.0,1.0,74.69071986466544,-94.8298296042106,61.0,2026-06-25 16:25:30,57311.11
10.0,80.0,1.0,74.69071986466544,-94.82965920842119,61.0,2026-06-25 16:27:00,57320.55
15.0,80.0,1.0,74.69071986466544,-94.8294888126318,61.0,2026-06-25 16:28:30,57309.77
20.0,80.0,1.0,74.69071986466544,-94.8293184168424,61.0,2026-06-25 16:30:00,57340.98
25.0,80.0,1.0,74.69071986466544,-94.829148021053,61.0,2026-06-25 16:31:30,57337.75
30.0,80.0,1.0,74.69071986466544,-94.82897762526359,61.0,2026-06-25 16:33:00,57358.04
35.0,80.0,1.0,74.69071986466544,-94.8288072294742,61.0,2026-06-25 16:34:30,57395.49
40.0,80.0,1.0,74.69071986466544,-94.8286368336848,61.0,2026-06-25 16:36:00,57389.76
45.0,80.0,1.0,74.69071986466544,-94.82846643789539,61.0,2026-06-25 16:37:30,57416.48
50.0,80.0,1.0,74.69071986466544,-94.82829604210599,61.0,2026-06-25 16:39:00,57410.19
55.0,80.0,1.0,74.69071986466544,-94.8281256463166,61.0,2026-06-25 16:40:30,57417.78
60.0,80.0,1.0,74.69071986466544,-94.82795525052718,61.0,2026-06-25 16:42:00,57414.73
65.0,80.0,1.0,74.69071986466544,-94.82778485473779,61.0,2026-06-25 16:43:30,57414.59
70.0,80.0,1.0,74.69071986466544,-94.82761445894839,61.0,2026-06-25 16:45:00,57407.35
75.0,80.0,1.0,74.69071986466544,-94.82744406315899,61.0,2026-06-25 16:46:30,57377.34
80.0,80.0,1.0,74.69071986466544,-94.82727366736958,61.0,2026-06-25 16:48:00,57391.59
85.0,80.0,1.0,74.69071986466544,-94.82710327158019,61.0,2026-06-25 16:49:30,57360.48
90.0,80.0,1.0,74.69071986466544,-94.82693287579079,61.0,2026-06-25 16:51:00,57348.17
95.0,80.0,1.0,74.69071986466544,-94.82676248000138,61.0,2026-06-25 16:52:30,57334.91
100.0,80.0,1.0,74.69071986466544,-94.82659208421198,61.0,2026-06-25 16:54:00,57305.95
0.0,85.0,1.0,74.69076485620702,-94.83,61.0,2026-06-25 16:55:30,57299.75
5.0,85.0,1.0,74.69076485620702,-94.8298296042106,61.0,2026-06-25 16:57:00,57308.12
10.0,85.0,1.0,74.69076485620702,-94.82965920842119,61.0,2026-06-25 16:58:30,57319.48
15.0,85.0,1.0,74.69076485620702,-94.8294888126318,61.0,2026-06-25 17:00:00,57348.36
20.0,85.0,1.0,74.69076485620702,-94.8293184168424,61.0,2026-06-25 17:01:30,57364.44
25.0,85.0,1.0,74.69076485620702,-94.829148021053,61.0,2026-06-25 17:03:00,57401.01
30.0,85.0,1.0,74.69076485620702,-94.82897762526359,61.0,2026-06-25 17:04:30,57398.69
35.0,85.0,1.0,74.69076485620702,-94.8288072294742,61.0,2026-06-25 17:06:00,57413.44
40.0,85.0,1.0,74.69076485620702,-94.8286368336848,61.0,2026-06-25 17:07:30,57404.34
45.0,85.0,1.0,74.69076485620702,-94.82846643789539,61.0,2026-06-25 17:09:00,57403.44
50.0,85.0,1.0,74.69076485620702,-94.82829604210599,61.0,2026-06-25 17:10:30,57418.03
55.0,85.0,1.0,74.69076485620702,-94.8281256463166,61.0,2026-06-25 17:12:00,57414.54
60.0,85.0,1.0,74.69076485620702,-94.82795525052718,61.0,2026-06-25 17:13:30,57402.34
65.0,85.0,1.0,74.69076485620702,-94.82778485473779,61.0,2026-06-25 17:15:00,57404.01
70.0,85.0,1.0,74.69076485620702,-94.82761445894839,61.0,2026-06-25 17:16:30,57400.56
75.0,85.0,1.0,74.69076485620702,-94.82744406315899,61.0,2026-06-25 17:18:00,57379.78
80.0,85.0,1.0,74.69076485620702,-94.82727366736958,61.0,2026-06-25 17:19:30,57372.35
85.0,85.0,1.0,74.69076485620702,-94.82710327158019,61.0,2026-06-25 17:21:00,57351.23
90.0,85.0,1.0,74.69076485620702,-94.82693287579079,61.0,2026-06-25 17:22:30,57333.51
95.0,85.0,1.0,74.69076485620702,-94.82676248000138,61.0,2026-06-25 17:24:00,57332.22
100.0,85.0,1.0,74.69076485620702,-94.82659208421198,61.0,2026-06-25 17:25:30,57305.42
0.0,90.0,1.0,74.69080984774862,-94.83,61.0,2026-06-25 17:27:00,57297.91
5.0,90.0,1.0,74.69080984774862,-94.8298296042106,61.0,2026-06-25 17:28:30,57321.05
10.0,90.0,1.0,74.69080984774862,-94.82965920842119,61.0,2026-06-25 17:30:00,57322.52
15.0,90.0,1.0,74.69080984774862,-94.8294888126318,61.0,2026-06-25 17:31:30,57301.73
20.0,90.0,1.0,74.69080984774862,-94.8293184168424,61.0,2026-06-25 17:33:00,57333.84
25.0,90.0,1.0,74.69080984774862,-94.829148021053,61.0,2026-06-25 17:34:30,57365.35
30.0,90.0,1.0,74.69080984774862,-94.82897762526359,61.0,2026-06-25 17:36:00,57366.1
35.0,90.0,1.0,74.69080984774862,-94.8288072294742,61.0,2026-06-25 17:37:30,57388.2
40.0,90.0,1.0,74.69080984774862,-94.8286368336848,61.0,2026-06-25 17:39:00,57364.35
45.0,90.0,1.0,74.69080984774862,-94.82846643789539,61.0,2026-06-25 17:40:30,57395.01
50.0,90.0,1.0,74.69080984774862,-94.82829604210599,61.0,2026-06-25 17:42:00,57367.87
55.0,90.0,1.0,74.69080984774862,-94.8281256463166,61.0,2026-06-25 17:43:30,57401.69
60.0,90.0,1.0,74.69080984774862,-94.82795525052718,61.0,2026-06-25 17:45:00,57374.08
65.0,90.0,1.0,74.69080984774862,-94.82778485473779,61.0,2026-06-25 17:46:30,57400.01
70.0,90.0,1.0,74.69080984774862,-94.82761445894839,61.0,2026-06-25 17:48:00,57363.16
75.0,90.0,1.0,74.69080984774862,-94.82744406315899,61.0,2026-06-25 17:49:30,57360.48
80.0,90.0,1.0,74.69080984774862,-94.82727366736958,61.0,2026-06-25 17:51:00,57348.38
85.0,90.0,1.0,74.69080984774862,-94.82710327158019,61.0,2026-06-25 17:52:30,57330.54
90.0,90.0,1.0,74.69080984774862,-94.82693287579079,61.0,2026-06-25 17:54:00,57299.67
95.0,90.0,1.0,74.69080984774862,-94.82676248000138,61.0,2026-06-25 17:55:30,57317.97
100.0,90.0,1.0,74.69080984774862,-94.82659208421198,61.0,2026-06-25 17:57:00,57295.07
0.0,95.0,1.0,74.69085483929021,-94.83,61.0,2026-06-25 17:58:30,57322.96
5.0,95.0,1.0,74.69085483929021,-94.8298296042106,61.0,2026-06-25 18:00:00,57294.6
10.0,95.0,1.0,74.69085483929021,-94.82965920842119,61.0,2026-06-25 18:01:30,57306.53
15.0,95.0,1.0,74.69085483929021,-94.8294888126318,61.0,2026-06-25 18:03:00,57307.15
20.0,95.0,1.0,74.69085483929021,-94.8293184168424,61.0,2026-06-25 18:04:30,57342.53
25.0,95.0,1.0,74.69085483929021,-94.829148021053,61.0,2026-06-25 18:06:00,57349.54
30.0,95.0,1.0,74.69085483929021,-94.82897762526359,61.0,2026-06-25 18:07:30,57348.36
35.0,95.0,1.0,74.69085483929021,-94.8288072294742,61.0,2026-06-25 18:09:00,57362.6
40.0,95.0,1.0,74.69085483929021,-94.8286368336848,61.0,2026-06-25 18:10:30,57345.47
45.0,95.0,1.0,74.69085483929021,-94.82846643789539,61.0,2026-06-25 18:12:00,57349.38
50.0,95.0,1.0,74.69085483929021,-94.82829604210599,61.0,2026-06-25 18:13:30,57379.87
55.0,95.0,1.0,74.69085483929021,-94.8281256463166,61.0,2026-06-25 18:15:00,57352.67
60.0,95.0,1.0,74.69085483929021,-94.82795525052718,61.0,2026-06-25 18:16:30,57356.79
65.0,95.0,1.0,74.69085483929021,-94.82778485473779,61.0,2026-06-25 18:18:00,57335.69
70.0,95.0,1.0,74.69085483929021,-94.82761445894839,61.0,2026-06-25 18:19:30,57342.4
75.0,95.0,1.0,74.69085483929021,-94.82744406315899,61.0,2026-06-25 18:21:00,57343.08
80.0,95.0,1.0,74.69085483929021,-94.82727366736958,61.0,2026-06-25 18:22:30,57326.98
85.0,95.0,1.0,74.69085483929021,-94.82710327158019,61.0,2026-06-25 18:24:00,57299.07
90.0,95.0,1.0,74.69085483929021,-94.82693287579079,61.0,2026-06-25 18:25:30,57318.72
95.0,95.0,1.0,74.69085483929021,-94.82676248000138,61.0,2026-06-25 18:27:00,57303.28
100.0,95.0,1.0,74.69085483929021,-94.82659208421198,61.0,2026-06-25 18:28:30,57263.39
0.0,100.0,1.0,74.6908998308318,-94.83,61.0,2026-06-25 18:30:00,57274.11
5.0,100.0,1.0,74.6908998308318,-94.8298296042106,61.0,2026-06-25 18:31:30,57287.41
10.0,100.0,1.0,74.6908998308318,-94.82965920842119,61.0,2026-06-25 18:33:00,57289.51
15.0,100.0,1.0,74.6908998308318,-94.8294888126318,61.0,2026-06-25 18:34:30,57304.13
20.0,100.0,1.0,74.6908998308318,-94.8293184168424,61.0,2026-06-25 18:36:00,57322.08
25.0,100.0,1.0,74.6908998308318,-94.829148021053,61.0,2026-06-25 18:37:30,57314.71
30.0,100.0,1.0,74.6908998308318,-94.82897762526359,61.0,2026-06-25 18:39:00,57321.02
35.0,100.0,1.0,74.6908998308318,-94.8288072294742,61.0,2026-06-25 18:40:30,57345.81
40.0,100.0,1.0,74.6908998308318,-94.8286368336848,61.0,2026-06-25 18:42:00,57353.55
45.0,100.0,1.0,74.6908998308318,-94.82846643789539,61.0,2026-06-25 18:43:30,57332.92
50.0,100.0,1.0,74.6908998308318,-94.82829604210599,61.0,2026-06-25 18:45:00,57358.25
55.0,100.0,1.0,74.6908998308318,-94.8281256463166,61.0,2026-06-25 18:46:30,57316.04
60.0,100.0,1.0,74.6908998308318,-94.82795525052718,61.0,2026-06-25 18:48:00,57355.66
65.0,100.0,1.0,74.6908998308318,-94.82778485473779,61.0,2026-06-25 18:49:30,57337.67
70.0,100.0,1.0,74.6908998308318,-94.82761445894839,61.0,2026-06-25 18:51:00,57316.07
75.0,100.0,1.0,74.6908998308318,-94.82744406315899,61.0,2026-06-25 18:52:30,57313.92
80.0,100.0,1.0,74.6908998308318,-94.82727366736958,61.0,2026-06-25 18:54:00,57314.46
85.0,100.0,1.0,74.6908998308318,-94.82710327158019,61.0,2026-06-25 18:55:30,57322.73
90.0,100.0,1.0,74.6908998308318,-94.82693287579079,61.0,2026-06-25 18:57:00,57310.24
95.0,100.0,1.0,74.6908998308318,-94.82676248000138,61.0,2026-06-25 18:58:30,57297.66
100.0,100.0,1.0,74.6908998308318,-94.82659208421198,61.0,2026-06-25 19:00:00,57284.14
